ENSEMBLE,REAL,RELPERM:EG,RELPERM:EO,RELPERM:EOG,RELPERM:EW,RELPERM:KRGEND,RELPERM:KROEND,RELPERM:KRWEND,RELPERM:LG,RELPERM:LO,RELPERM:LOG,RELPERM:LW,RELPERM:SGCR,RELPERM:SORG,RELPERM:SORW,RELPERM:SWCR,RELPERM:SWL,RELPERM:TG,RELPERM:TO,RELPERM:TOG,RELPERM:TW,EG,EO,EOG,EW,KRGEND,KRWEND,LG,LO,LOG,LW,SGCR,SORG,SORW,SWCR,SWL,TG,TO,TOG,TW
00_run3_0_iter-0,0,1,3.62271,1,10.6092,0.6,0.326226,0.890165,1,2.99542,1,14.5935,0.05,0.1,0.42015,0.1796,0.1796,1,11.7971,1,11.8575,1,3.62271,1,10.6092,0.6,0.890165,1,2.99542,1,14.5935,0.05,0.1,0.42015,0.1796,0.1796,1,11.7971,1,11.8575
00_run3_0_iter-0,1,1,9.21103,1,7.653,0.6,0.778646,0.423619,1,12.7323,1,3.06913,0.05,0.1,0.107349,0.1796,0.1796,1,4.16622,1,9.78791,1,9.21103,1,7.653,0.6,0.423619,1,12.7323,1,3.06913,0.05,0.1,0.107349,0.1796,0.1796,1,4.16622,1,9.78791
00_run3_0_iter-0,2,1,5.79721,1,8.06636,0.6,0.748132,0.398238,1,10.9733,1,13.7195,0.05,0.1,0.237799,0.1796,0.1796,1,4.53038,1,10.6961,1,5.79721,1,8.06636,0.6,0.398238,1,10.9733,1,13.7195,0.05,0.1,0.237799,0.1796,0.1796,1,4.53038,1,10.6961
00_run3_0_iter-0,3,1,6.55087,1,4.70209,0.6,0.448783,0.519162,1,1.42565,1,11.1866,0.05,0.1,0.165979,0.1796,0.1796,1,10.7358,1,6.28474,1,6.55087,1,4.70209,0.6,0.519162,1,1.42565,1,11.1866,0.05,0.1,0.165979,0.1796,0.1796,1,10.7358,1,6.28474
00_run3_0_iter-0,4,1,2.66798,1,3.14576,0.6,0.270559,0.450933,1,2.06513,1,5.46347,0.05,0.1,0.250252,0.1796,0.1796,1,0.106442,1,9.85463,1,2.66798,1,3.14576,0.6,0.450933,1,2.06513,1,5.46347,0.05,0.1,0.250252,0.1796,0.1796,1,0.106442,1,9.85463
00_run3_0_iter-0,5,1,10.5501,1,7.34827,0.6,0.996402,0.639042,1,2.16112,1,0.436857,0.05,0.1,0.465547,0.1796,0.1796,1,9.93596,1,0.274533,1,10.5501,1,7.34827,0.6,0.639042,1,2.16112,1,0.436857,0.05,0.1,0.465547,0.1796,0.1796,1,9.93596,1,0.274533
00_run3_0_iter-0,6,1,1.3964,1,14.326,0.6,0.141883,0.962563,1,14.3838,1,2.74972,0.05,0.1,0.000565112,0.1796,0.1796,1,4.55956,1,11.3026,1,1.3964,1,14.326,0.6,0.962563,1,14.3838,1,2.74972,0.05,0.1,0.000565112,0.1796,0.1796,1,4.55956,1,11.3026
00_run3_0_iter-0,7,1,3.22044,1,2.611,0.6,0.217723,0.841499,1,10.774,1,9.37301,0.05,0.1,0.172272,0.1796,0.1796,1,5.15822,1,9.84881,1,3.22044,1,2.611,0.6,0.841499,1,10.774,1,9.37301,0.05,0.1,0.172272,0.1796,0.1796,1,5.15822,1,9.84881
00_run3_0_iter-0,8,1,0.927338,1,13.3452,0.6,0.583658,0.430359,1,8.08495,1,12.6104,0.05,0.1,0.0143475,0.1796,0.1796,1,4.63756,1,7.49855,1,0.927338,1,13.3452,0.6,0.430359,1,8.08495,1,12.6104,0.05,0.1,0.0143475,0.1796,0.1796,1,4.63756,1,7.49855
00_run3_0_iter-0,9,1,7.91735,1,7.5046,0.6,0.786974,0.38962,1,0.458848,1,12.3808,0.05,0.1,0.473601,0.1796,0.1796,1,0.80405,1,13.8125,1,7.91735,1,7.5046,0.6,0.38962,1,0.458848,1,12.3808,0.05,0.1,0.473601,0.1796,0.1796,1,0.80405,1,13.8125
00_run3_0_iter-0,10,1,7.27076,1,8.22866,0.6,0.195439,0.228133,1,5.96592,1,9.13414,0.05,0.1,0.401114,0.1796,0.1796,1,6.17148,1,13.9917,1,7.27076,1,8.22866,0.6,0.228133,1,5.96592,1,9.13414,0.05,0.1,0.401114,0.1796,0.1796,1,6.17148,1,13.9917
00_run3_0_iter-0,11,1,1.64308,1,8.34447,0.6,0.346019,0.882855,1,3.08249,1,9.12298,0.05,0.1,0.470079,0.1796,0.1796,1,3.63503,1,0.276961,1,1.64308,1,8.34447,0.6,0.882855,1,3.08249,1,9.12298,0.05,0.1,0.470079,0.1796,0.1796,1,3.63503,1,0.276961
00_run3_0_iter-0,12,1,3.48341,1,10.0327,0.6,0.339411,0.689865,1,13.6714,1,7.19756,0.05,0.1,0.0938532,0.1796,0.1796,1,9.60788,1,2.30776,1,3.48341,1,10.0327,0.6,0.689865,1,13.6714,1,7.19756,0.05,0.1,0.0938532,0.1796,0.1796,1,9.60788,1,2.30776
00_run3_0_iter-0,13,1,11.0923,1,4.96243,0.6,0.40358,0.558433,1,1.60949,1,5.72845,0.05,0.1,0.0709038,0.1796,0.1796,1,9.47804,1,1.67249,1,11.0923,1,4.96243,0.6,0.558433,1,1.60949,1,5.72845,0.05,0.1,0.0709038,0.1796,0.1796,1,9.47804,1,1.67249
00_run3_0_iter-0,14,1,7.70217,1,6.65261,0.6,0.191858,0.859889,1,13.2487,1,2.11548,0.05,0.1,0.247108,0.1796,0.1796,1,2.03412,1,6.09396,1,7.70217,1,6.65261,0.6,0.859889,1,13.2487,1,2.11548,0.05,0.1,0.247108,0.1796,0.1796,1,2.03412,1,6.09396
00_run3_0_iter-0,15,1,13.477,1,2.31858,0.6,0.230322,0.751538,1,12.5783,1,7.29296,0.05,0.1,0.144081,0.1796,0.1796,1,11.1651,1,13.0232,1,13.477,1,2.31858,0.6,0.751538,1,12.5783,1,7.29296,0.05,0.1,0.144081,0.1796,0.1796,1,11.1651,1,13.0232
00_run3_0_iter-0,16,1,2.76334,1,10.7956,0.6,0.748889,0.129649,1,10.9539,1,9.43553,0.05,0.1,0.242882,0.1796,0.1796,1,13.0883,1,12.4648,1,2.76334,1,10.7956,0.6,0.129649,1,10.9539,1,9.43553,0.05,0.1,0.242882,0.1796,0.1796,1,13.0883,1,12.4648
00_run3_0_iter-0,17,1,3.24472,1,3.60613,0.6,0.746181,0.376331,1,14.7881,1,9.80933,0.05,0.1,0.360007,0.1796,0.1796,1,12.1166,1,5.26329,1,3.24472,1,3.60613,0.6,0.376331,1,14.7881,1,9.80933,0.05,0.1,0.360007,0.1796,0.1796,1,12.1166,1,5.26329
00_run3_0_iter-0,18,1,14.9903,1,5.69746,0.6,0.134235,0.236267,1,2.55964,1,13.3403,0.05,0.1,0.184285,0.1796,0.1796,1,10.3465,1,1.83882,1,14.9903,1,5.69746,0.6,0.236267,1,2.55964,1,13.3403,0.05,0.1,0.184285,0.1796,0.1796,1,10.3465,1,1.83882
00_run3_0_iter-0,19,1,2.93621,1,2.36456,0.6,0.659751,0.515964,1,5.90437,1,14.4113,0.05,0.1,0.290786,0.1796,0.1796,1,4.42064,1,7.10176,1,2.93621,1,2.36456,0.6,0.515964,1,5.90437,1,14.4113,0.05,0.1,0.290786,0.1796,0.1796,1,4.42064,1,7.10176
00_run3_0_iter-0,20,1,13.9913,1,10.2399,0.6,0.574351,0.252547,1,10.7956,1,10.6196,0.05,0.1,0.229293,0.1796,0.1796,1,6.30487,1,7.08656,1,13.9913,1,10.2399,0.6,0.252547,1,10.7956,1,10.6196,0.05,0.1,0.229293,0.1796,0.1796,1,6.30487,1,7.08656
00_run3_0_iter-0,21,1,10.3249,1,8.39591,0.6,0.408358,0.686471,1,8.39275,1,4.00995,0.05,0.1,0.0847893,0.1796,0.1796,1,1.50819,1,11.9818,1,10.3249,1,8.39591,0.6,0.686471,1,8.39275,1,4.00995,0.05,0.1,0.0847893,0.1796,0.1796,1,1.50819,1,11.9818
00_run3_0_iter-0,22,1,1.39101,1,2.08267,0.6,0.11392,0.866416,1,14.2134,1,13.3399,0.05,0.1,0.0350766,0.1796,0.1796,1,4.56489,1,11.7264,1,1.39101,1,2.08267,0.6,0.866416,1,14.2134,1,13.3399,0.05,0.1,0.0350766,0.1796,0.1796,1,4.56489,1,11.7264
00_run3_0_iter-0,23,1,10.6106,1,14.6122,0.6,0.825158,0.129228,1,6.23368,1,14.3155,0.05,0.1,0.418745,0.1796,0.1796,1,14.9729,1,4.76605,1,10.6106,1,14.6122,0.6,0.129228,1,6.23368,1,14.3155,0.05,0.1,0.418745,0.1796,0.1796,1,14.9729,1,4.76605
00_run3_0_iter-0,24,1,10.4862,1,4.17752,0.6,0.511677,0.576946,1,4.58253,1,2.16232,0.05,0.1,0.323933,0.1796,0.1796,1,1.27588,1,2.16914,1,10.4862,1,4.17752,0.6,0.576946,1,4.58253,1,2.16232,0.05,0.1,0.323933,0.1796,0.1796,1,1.27588,1,2.16914
00_run3_0_iter-0,25,1,10.5534,1,14.6846,0.6,0.631078,0.303924,1,8.84937,1,3.65329,0.05,0.1,0.297341,0.1796,0.1796,1,10.0554,1,9.03658,1,10.5534,1,14.6846,0.6,0.303924,1,8.84937,1,3.65329,0.05,0.1,0.297341,0.1796,0.1796,1,10.0554,1,9.03658
00_run3_0_iter-0,26,1,7.66172,1,8.28589,0.6,0.987425,0.29395,1,3.8041,1,1.40711,0.05,0.1,0.0937031,0.1796,0.1796,1,3.12778,1,10.3796,1,7.66172,1,8.28589,0.6,0.29395,1,3.8041,1,1.40711,0.05,0.1,0.0937031,0.1796,0.1796,1,3.12778,1,10.3796
00_run3_0_iter-0,27,1,7.46689,1,0.639465,0.6,0.54628,0.690791,1,0.720714,1,4.60634,0.05,0.1,0.487569,0.1796,0.1796,1,1.48587,1,4.55518,1,7.46689,1,0.639465,0.6,0.690791,1,0.720714,1,4.60634,0.05,0.1,0.487569,0.1796,0.1796,1,1.48587,1,4.55518
00_run3_0_iter-0,28,1,0.735199,1,11.916,0.6,0.434011,0.173501,1,0.888366,1,4.06134,0.05,0.1,0.0648944,0.1796,0.1796,1,2.54812,1,3.1649,1,0.735199,1,11.916,0.6,0.173501,1,0.888366,1,4.06134,0.05,0.1,0.0648944,0.1796,0.1796,1,2.54812,1,3.1649
00_run3_0_iter-0,29,1,4.56558,1,10.5371,0.6,0.628661,0.620015,1,8.75068,1,12.2491,0.05,0.1,0.120372,0.1796,0.1796,1,5.20336,1,10.9916,1,4.56558,1,10.5371,0.6,0.620015,1,8.75068,1,12.2491,0.05,0.1,0.120372,0.1796,0.1796,1,5.20336,1,10.9916
00_run3_0_iter-0,30,1,8.68473,1,6.30982,0.6,0.298558,0.92503,1,4.25967,1,1.60101,0.05,0.1,0.300066,0.1796,0.1796,1,11.4411,1,1.75317,1,8.68473,1,6.30982,0.6,0.92503,1,4.25967,1,1.60101,0.05,0.1,0.300066,0.1796,0.1796,1,11.4411,1,1.75317
00_run3_0_iter-0,31,1,0.749602,1,1.08432,0.6,0.760733,0.58443,1,6.75458,1,6.94214,0.05,0.1,0.326041,0.1796,0.1796,1,12.9864,1,11.8328,1,0.749602,1,1.08432,0.6,0.58443,1,6.75458,1,6.94214,0.05,0.1,0.326041,0.1796,0.1796,1,12.9864,1,11.8328
00_run3_0_iter-0,32,1,6.49035,1,2.18369,0.6,0.292221,0.478669,1,12.9404,1,0.650535,0.05,0.1,0.161077,0.1796,0.1796,1,1.36769,1,0.149864,1,6.49035,1,2.18369,0.6,0.478669,1,12.9404,1,0.650535,0.05,0.1,0.161077,0.1796,0.1796,1,1.36769,1,0.149864
00_run3_0_iter-0,33,1,10.5373,1,14.5107,0.6,0.360304,0.644734,1,12.2555,1,5.33526,0.05,0.1,0.194888,0.1796,0.1796,1,13.9614,1,1.51897,1,10.5373,1,14.5107,0.6,0.644734,1,12.2555,1,5.33526,0.05,0.1,0.194888,0.1796,0.1796,1,13.9614,1,1.51897
00_run3_0_iter-0,34,1,3.10481,1,14.8138,0.6,0.556217,0.22721,1,4.89402,1,1.3309,0.05,0.1,0.02053,0.1796,0.1796,1,0.600214,1,9.34535,1,3.10481,1,14.8138,0.6,0.22721,1,4.89402,1,1.3309,0.05,0.1,0.02053,0.1796,0.1796,1,0.600214,1,9.34535
00_run3_0_iter-0,35,1,8.98055,1,11.3089,0.6,0.871558,0.114371,1,5.42069,1,7.79004,0.05,0.1,0.365899,0.1796,0.1796,1,8.39977,1,1.44508,1,8.98055,1,11.3089,0.6,0.114371,1,5.42069,1,7.79004,0.05,0.1,0.365899,0.1796,0.1796,1,8.39977,1,1.44508
00_run3_0_iter-0,36,1,1.71569,1,2.50508,0.6,0.734161,0.685234,1,9.02578,1,3.68749,0.05,0.1,0.47045,0.1796,0.1796,1,14.3453,1,4.35912,1,1.71569,1,2.50508,0.6,0.685234,1,9.02578,1,3.68749,0.05,0.1,0.47045,0.1796,0.1796,1,14.3453,1,4.35912
00_run3_0_iter-0,37,1,2.42462,1,0.669066,0.6,0.109323,0.635735,1,5.76128,1,7.19122,0.05,0.1,0.0880453,0.1796,0.1796,1,8.71369,1,10.3879,1,2.42462,1,0.669066,0.6,0.635735,1,5.76128,1,7.19122,0.05,0.1,0.0880453,0.1796,0.1796,1,8.71369,1,10.3879
00_run3_0_iter-0,38,1,2.41191,1,1.49126,0.6,0.45546,0.293032,1,0.496399,1,3.52871,0.05,0.1,0.042844,0.1796,0.1796,1,13.466,1,14.0968,1,2.41191,1,1.49126,0.6,0.293032,1,0.496399,1,3.52871,0.05,0.1,0.042844,0.1796,0.1796,1,13.466,1,14.0968
00_run3_0_iter-0,39,1,9.38513,1,11.9123,0.6,0.473738,0.41161,1,7.08337,1,8.87468,0.05,0.1,0.427301,0.1796,0.1796,1,4.64265,1,2.30837,1,9.38513,1,11.9123,0.6,0.41161,1,7.08337,1,8.87468,0.05,0.1,0.427301,0.1796,0.1796,1,4.64265,1,2.30837
00_run3_0_iter-0,40,1,5.49081,1,8.9678,0.6,0.532663,0.669808,1,2.65682,1,6.66595,0.05,0.1,0.000669319,0.1796,0.1796,1,6.42052,1,3.6284,1,5.49081,1,8.9678,0.6,0.669808,1,2.65682,1,6.66595,0.05,0.1,0.000669319,0.1796,0.1796,1,6.42052,1,3.6284
00_run3_0_iter-0,41,1,0.698864,1,7.06625,0.6,0.400129,0.769102,1,8.65014,1,8.0572,0.05,0.1,0.162727,0.1796,0.1796,1,3.07124,1,1.11602,1,0.698864,1,7.06625,0.6,0.769102,1,8.65014,1,8.0572,0.05,0.1,0.162727,0.1796,0.1796,1,3.07124,1,1.11602
00_run3_0_iter-0,42,1,12.31,1,14.2972,0.6,0.870649,0.76012,1,10.6785,1,3.78503,0.05,0.1,0.264668,0.1796,0.1796,1,8.66644,1,4.39969,1,12.31,1,14.2972,0.6,0.76012,1,10.6785,1,3.78503,0.05,0.1,0.264668,0.1796,0.1796,1,8.66644,1,4.39969
00_run3_0_iter-0,43,1,14.9358,1,7.3971,0.6,0.37889,0.978962,1,14.9874,1,10.8229,0.05,0.1,0.460067,0.1796,0.1796,1,10.6768,1,14.7703,1,14.9358,1,7.3971,0.6,0.978962,1,14.9874,1,10.8229,0.05,0.1,0.460067,0.1796,0.1796,1,10.6768,1,14.7703
00_run3_0_iter-0,44,1,4.65752,1,7.80977,0.6,0.730876,0.367843,1,3.11239,1,2.03359,0.05,0.1,0.00555676,0.1796,0.1796,1,10.5093,1,9.63757,1,4.65752,1,7.80977,0.6,0.367843,1,3.11239,1,2.03359,0.05,0.1,0.00555676,0.1796,0.1796,1,10.5093,1,9.63757
00_run3_0_iter-0,45,1,3.08306,1,14.293,0.6,0.45493,0.580204,1,12.0446,1,7.54614,0.05,0.1,0.398955,0.1796,0.1796,1,14.2039,1,13.8762,1,3.08306,1,14.293,0.6,0.580204,1,12.0446,1,7.54614,0.05,0.1,0.398955,0.1796,0.1796,1,14.2039,1,13.8762
00_run3_0_iter-0,46,1,13.0642,1,13.106,0.6,0.991393,0.628761,1,7.04004,1,14.5725,0.05,0.1,0.442844,0.1796,0.1796,1,14.6275,1,13.4465,1,13.0642,1,13.106,0.6,0.628761,1,7.04004,1,14.5725,0.05,0.1,0.442844,0.1796,0.1796,1,14.6275,1,13.4465
00_run3_0_iter-0,47,1,4.37581,1,12.9003,0.6,0.466251,0.144972,1,10.0281,1,9.30634,0.05,0.1,0.240444,0.1796,0.1796,1,8.98422,1,7.45981,1,4.37581,1,12.9003,0.6,0.144972,1,10.0281,1,9.30634,0.05,0.1,0.240444,0.1796,0.1796,1,8.98422,1,7.45981
00_run3_0_iter-0,48,1,10.0936,1,2.05116,0.6,0.350261,0.542515,1,12.6933,1,0.703771,0.05,0.1,0.252019,0.1796,0.1796,1,2.79531,1,0.87904,1,10.0936,1,2.05116,0.6,0.542515,1,12.6933,1,0.703771,0.05,0.1,0.252019,0.1796,0.1796,1,2.79531,1,0.87904
00_run3_0_iter-0,49,1,11.0387,1,4.30091,0.6,0.526297,0.795754,1,11.2304,1,13.5246,0.05,0.1,0.458752,0.1796,0.1796,1,13.75,1,14.4847,1,11.0387,1,4.30091,0.6,0.795754,1,11.2304,1,13.5246,0.05,0.1,0.458752,0.1796,0.1796,1,13.75,1,14.4847
00_run3_0_iter-0,50,1,4.88299,1,12.5382,0.6,0.416838,0.625273,1,10.1475,1,11.5936,0.05,0.1,0.0611571,0.1796,0.1796,1,12.9865,1,2.34002,1,4.88299,1,12.5382,0.6,0.625273,1,10.1475,1,11.5936,0.05,0.1,0.0611571,0.1796,0.1796,1,12.9865,1,2.34002
00_run3_0_iter-0,51,1,6.56117,1,8.01649,0.6,0.521986,0.687597,1,10.0754,1,6.69791,0.05,0.1,0.289431,0.1796,0.1796,1,0.592572,1,11.5597,1,6.56117,1,8.01649,0.6,0.687597,1,10.0754,1,6.69791,0.05,0.1,0.289431,0.1796,0.1796,1,0.592572,1,11.5597
00_run3_0_iter-0,52,1,7.81964,1,11.7151,0.6,0.594979,0.896874,1,4.44428,1,5.61734,0.05,0.1,0.132666,0.1796,0.1796,1,2.47985,1,3.71827,1,7.81964,1,11.7151,0.6,0.896874,1,4.44428,1,5.61734,0.05,0.1,0.132666,0.1796,0.1796,1,2.47985,1,3.71827
00_run3_0_iter-0,53,1,11.8007,1,2.12889,0.6,0.460997,0.401448,1,13.4576,1,0.555418,0.05,0.1,0.462459,0.1796,0.1796,1,13.8468,1,4.48812,1,11.8007,1,2.12889,0.6,0.401448,1,13.4576,1,0.555418,0.05,0.1,0.462459,0.1796,0.1796,1,13.8468,1,4.48812
00_run3_0_iter-0,54,1,9.50317,1,13.8851,0.6,0.69492,0.741697,1,7.57006,1,4.06964,0.05,0.1,0.141669,0.1796,0.1796,1,4.08019,1,5.73186,1,9.50317,1,13.8851,0.6,0.741697,1,7.57006,1,4.06964,0.05,0.1,0.141669,0.1796,0.1796,1,4.08019,1,5.73186
00_run3_0_iter-0,55,1,4.45641,1,13.6442,0.6,0.932928,0.707503,1,7.15132,1,8.51605,0.05,0.1,0.0826843,0.1796,0.1796,1,14.951,1,13.5232,1,4.45641,1,13.6442,0.6,0.707503,1,7.15132,1,8.51605,0.05,0.1,0.0826843,0.1796,0.1796,1,14.951,1,13.5232
00_run3_0_iter-0,56,1,1.80126,1,1.90366,0.6,0.553413,0.922721,1,14.4187,1,1.62586,0.05,0.1,0.16627,0.1796,0.1796,1,4.00215,1,1.41382,1,1.80126,1,1.90366,0.6,0.922721,1,14.4187,1,1.62586,0.05,0.1,0.16627,0.1796,0.1796,1,4.00215,1,1.41382
00_run3_0_iter-0,57,1,5.68338,1,3.76324,0.6,0.540511,0.669874,1,13.9668,1,13.6801,0.05,0.1,0.43761,0.1796,0.1796,1,14.1253,1,5.8606,1,5.68338,1,3.76324,0.6,0.669874,1,13.9668,1,13.6801,0.05,0.1,0.43761,0.1796,0.1796,1,14.1253,1,5.8606
00_run3_0_iter-0,58,1,12.1731,1,5.90846,0.6,0.844458,0.687002,1,0.869015,1,8.9085,0.05,0.1,0.187182,0.1796,0.1796,1,7.40419,1,1.98195,1,12.1731,1,5.90846,0.6,0.687002,1,0.869015,1,8.9085,0.05,0.1,0.187182,0.1796,0.1796,1,7.40419,1,1.98195
00_run3_0_iter-0,59,1,11.7446,1,6.80024,0.6,0.286293,0.126337,1,9.14205,1,14.793,0.05,0.1,0.0572974,0.1796,0.1796,1,9.51602,1,1.4822,1,11.7446,1,6.80024,0.6,0.126337,1,9.14205,1,14.793,0.05,0.1,0.0572974,0.1796,0.1796,1,9.51602,1,1.4822
00_run3_0_iter-0,60,1,0.615502,1,6.63831,0.6,0.957994,0.565219,1,0.744481,1,6.33809,0.05,0.1,0.315088,0.1796,0.1796,1,14.5552,1,9.7538,1,0.615502,1,6.63831,0.6,0.565219,1,0.744481,1,6.33809,0.05,0.1,0.315088,0.1796,0.1796,1,14.5552,1,9.7538
00_run3_0_iter-0,61,1,7.24379,1,8.18155,0.6,0.392926,0.928817,1,5.4373,1,4.0951,0.05,0.1,0.287153,0.1796,0.1796,1,1.55288,1,4.50219,1,7.24379,1,8.18155,0.6,0.928817,1,5.4373,1,4.0951,0.05,0.1,0.287153,0.1796,0.1796,1,1.55288,1,4.50219
00_run3_0_iter-0,62,1,12.6934,1,13.1226,0.6,0.747187,0.3962,1,11.4908,1,2.8062,0.05,0.1,0.0771666,0.1796,0.1796,1,13.935,1,8.15695,1,12.6934,1,13.1226,0.6,0.3962,1,11.4908,1,2.8062,0.05,0.1,0.0771666,0.1796,0.1796,1,13.935,1,8.15695
00_run3_0_iter-0,63,1,14.9263,1,1.15335,0.6,0.762347,0.224109,1,3.06399,1,4.39419,0.05,0.1,0.207547,0.1796,0.1796,1,13.1384,1,14.2098,1,14.9263,1,1.15335,0.6,0.224109,1,3.06399,1,4.39419,0.05,0.1,0.207547,0.1796,0.1796,1,13.1384,1,14.2098
00_run3_0_iter-0,64,1,3.6197,1,12.2803,0.6,0.805915,0.238446,1,9.16859,1,11.6464,0.05,0.1,0.360439,0.1796,0.1796,1,3.47219,1,13.4742,1,3.6197,1,12.2803,0.6,0.238446,1,9.16859,1,11.6464,0.05,0.1,0.360439,0.1796,0.1796,1,3.47219,1,13.4742
00_run3_0_iter-0,65,1,10.4908,1,5.064,0.6,0.121458,0.235268,1,8.18446,1,8.6008,0.05,0.1,0.266418,0.1796,0.1796,1,14.3986,1,2.9402,1,10.4908,1,5.064,0.6,0.235268,1,8.18446,1,8.6008,0.05,0.1,0.266418,0.1796,0.1796,1,14.3986,1,2.9402
00_run3_0_iter-0,66,1,8.29616,1,2.71222,0.6,0.765549,0.120894,1,5.27645,1,13.4533,0.05,0.1,0.366375,0.1796,0.1796,1,13.6614,1,12.4832,1,8.29616,1,2.71222,0.6,0.120894,1,5.27645,1,13.4533,0.05,0.1,0.366375,0.1796,0.1796,1,13.6614,1,12.4832
00_run3_0_iter-0,67,1,10.7889,1,5.59329,0.6,0.641219,0.216498,1,4.53332,1,2.97563,0.05,0.1,0.428635,0.1796,0.1796,1,6.01784,1,6.0471,1,10.7889,1,5.59329,0.6,0.216498,1,4.53332,1,2.97563,0.05,0.1,0.428635,0.1796,0.1796,1,6.01784,1,6.0471
00_run3_0_iter-0,68,1,2.62381,1,7.94439,0.6,0.779651,0.852546,1,13.6199,1,12.6824,0.05,0.1,0.321078,0.1796,0.1796,1,12.6196,1,8.13482,1,2.62381,1,7.94439,0.6,0.852546,1,13.6199,1,12.6824,0.05,0.1,0.321078,0.1796,0.1796,1,12.6196,1,8.13482
00_run3_0_iter-0,69,1,5.77318,1,9.16163,0.6,0.832512,0.629949,1,12.5329,1,14.9066,0.05,0.1,0.23513,0.1796,0.1796,1,7.61282,1,9.16431,1,5.77318,1,9.16163,0.6,0.629949,1,12.5329,1,14.9066,0.05,0.1,0.23513,0.1796,0.1796,1,7.61282,1,9.16431
00_run3_0_iter-0,70,1,1.45356,1,12.3128,0.6,0.194218,0.301593,1,11.6186,1,14.8969,0.05,0.1,0.171161,0.1796,0.1796,1,8.1238,1,3.93406,1,1.45356,1,12.3128,0.6,0.301593,1,11.6186,1,14.8969,0.05,0.1,0.171161,0.1796,0.1796,1,8.1238,1,3.93406
00_run3_0_iter-0,71,1,11.5082,1,13.6375,0.6,0.332523,0.17949,1,0.640332,1,8.58704,0.05,0.1,0.115485,0.1796,0.1796,1,10.9277,1,11.6556,1,11.5082,1,13.6375,0.6,0.17949,1,0.640332,1,8.58704,0.05,0.1,0.115485,0.1796,0.1796,1,10.9277,1,11.6556
00_run3_0_iter-0,72,1,1.07179,1,13.8165,0.6,0.524993,0.139664,1,3.25259,1,8.99453,0.05,0.1,0.392367,0.1796,0.1796,1,8.37265,1,0.412891,1,1.07179,1,13.8165,0.6,0.139664,1,3.25259,1,8.99453,0.05,0.1,0.392367,0.1796,0.1796,1,8.37265,1,0.412891
00_run3_0_iter-0,73,1,4.94605,1,1.13108,0.6,0.25573,0.76596,1,9.71727,1,4.87546,0.05,0.1,0.0390224,0.1796,0.1796,1,10.6653,1,9.02766,1,4.94605,1,1.13108,0.6,0.76596,1,9.71727,1,4.87546,0.05,0.1,0.0390224,0.1796,0.1796,1,10.6653,1,9.02766
00_run3_0_iter-0,74,1,10.6046,1,0.376587,0.6,0.21737,0.293012,1,12.7493,1,3.37187,0.05,0.1,0.412898,0.1796,0.1796,1,10.3255,1,9.85394,1,10.6046,1,0.376587,0.6,0.293012,1,12.7493,1,3.37187,0.05,0.1,0.412898,0.1796,0.1796,1,10.3255,1,9.85394
00_run3_0_iter-0,75,1,14.5929,1,8.4965,0.6,0.934879,0.892712,1,9.39226,1,1.39532,0.05,0.1,0.293417,0.1796,0.1796,1,11.8755,1,11.4736,1,14.5929,1,8.4965,0.6,0.892712,1,9.39226,1,1.39532,0.05,0.1,0.293417,0.1796,0.1796,1,11.8755,1,11.4736
00_run3_0_iter-0,76,1,11.1303,1,5.113,0.6,0.990574,0.141263,1,13.2956,1,10.7936,0.05,0.1,0.439746,0.1796,0.1796,1,6.94341,1,0.840136,1,11.1303,1,5.113,0.6,0.141263,1,13.2956,1,10.7936,0.05,0.1,0.439746,0.1796,0.1796,1,6.94341,1,0.840136
00_run3_0_iter-0,77,1,9.45464,1,11.0145,0.6,0.109541,0.564952,1,0.159626,1,6.32817,0.05,0.1,0.420763,0.1796,0.1796,1,2.79665,1,2.28471,1,9.45464,1,11.0145,0.6,0.564952,1,0.159626,1,6.32817,0.05,0.1,0.420763,0.1796,0.1796,1,2.79665,1,2.28471
00_run3_0_iter-0,78,1,11.7638,1,12.9859,0.6,0.794043,0.295402,1,8.76485,1,3.30537,0.05,0.1,0.125714,0.1796,0.1796,1,11.7554,1,7.16271,1,11.7638,1,12.9859,0.6,0.295402,1,8.76485,1,3.30537,0.05,0.1,0.125714,0.1796,0.1796,1,11.7554,1,7.16271
00_run3_0_iter-0,79,1,13.104,1,9.2144,0.6,0.537588,0.904696,1,12.2591,1,1.32677,0.05,0.1,0.469711,0.1796,0.1796,1,0.902365,1,1.9085,1,13.104,1,9.2144,0.6,0.904696,1,12.2591,1,1.32677,0.05,0.1,0.469711,0.1796,0.1796,1,0.902365,1,1.9085
00_run3_0_iter-0,80,1,6.4671,1,4.78562,0.6,0.816318,0.963898,1,13.4422,1,12.5087,0.05,0.1,0.46299,0.1796,0.1796,1,14.1773,1,5.51186,1,6.4671,1,4.78562,0.6,0.963898,1,13.4422,1,12.5087,0.05,0.1,0.46299,0.1796,0.1796,1,14.1773,1,5.51186
00_run3_0_iter-0,81,1,6.74951,1,8.87311,0.6,0.539319,0.196798,1,4.42875,1,7.31952,0.05,0.1,0.451076,0.1796,0.1796,1,9.85613,1,2.242,1,6.74951,1,8.87311,0.6,0.196798,1,4.42875,1,7.31952,0.05,0.1,0.451076,0.1796,0.1796,1,9.85613,1,2.242
00_run3_0_iter-0,82,1,6.2292,1,10.1634,0.6,0.695106,0.497105,1,11.741,1,7.76454,0.05,0.1,0.48378,0.1796,0.1796,1,3.80973,1,14.6069,1,6.2292,1,10.1634,0.6,0.497105,1,11.741,1,7.76454,0.05,0.1,0.48378,0.1796,0.1796,1,3.80973,1,14.6069
00_run3_0_iter-0,83,1,6.48758,1,9.45767,0.6,0.4948,0.345484,1,2.1358,1,11.8468,0.05,0.1,0.227613,0.1796,0.1796,1,1.02985,1,9.9356,1,6.48758,1,9.45767,0.6,0.345484,1,2.1358,1,11.8468,0.05,0.1,0.227613,0.1796,0.1796,1,1.02985,1,9.9356
00_run3_0_iter-0,84,1,0.148844,1,1.40482,0.6,0.279776,0.210826,1,12.0172,1,9.05028,0.05,0.1,0.44571,0.1796,0.1796,1,12.7299,1,8.2424,1,0.148844,1,1.40482,0.6,0.210826,1,12.0172,1,9.05028,0.05,0.1,0.44571,0.1796,0.1796,1,12.7299,1,8.2424
00_run3_0_iter-0,85,1,12.3038,1,12.3103,0.6,0.332693,0.110653,1,9.17332,1,4.4801,0.05,0.1,0.0387745,0.1796,0.1796,1,4.52584,1,14.3429,1,12.3038,1,12.3103,0.6,0.110653,1,9.17332,1,4.4801,0.05,0.1,0.0387745,0.1796,0.1796,1,4.52584,1,14.3429
00_run3_0_iter-0,86,1,6.98002,1,7.54576,0.6,0.593461,0.963391,1,11.638,1,10.2793,0.05,0.1,0.337375,0.1796,0.1796,1,1.3918,1,8.80166,1,6.98002,1,7.54576,0.6,0.963391,1,11.638,1,10.2793,0.05,0.1,0.337375,0.1796,0.1796,1,1.3918,1,8.80166
00_run3_0_iter-0,87,1,3.90906,1,5.26996,0.6,0.118013,0.506288,1,7.43122,1,9.70927,0.05,0.1,0.292361,0.1796,0.1796,1,13.3249,1,8.37809,1,3.90906,1,5.26996,0.6,0.506288,1,7.43122,1,9.70927,0.05,0.1,0.292361,0.1796,0.1796,1,13.3249,1,8.37809
00_run3_0_iter-0,88,1,1.53735,1,13.3164,0.6,0.527912,0.295558,1,9.424,1,0.373565,0.05,0.1,0.161824,0.1796,0.1796,1,12.7709,1,9.05576,1,1.53735,1,13.3164,0.6,0.295558,1,9.424,1,0.373565,0.05,0.1,0.161824,0.1796,0.1796,1,12.7709,1,9.05576
00_run3_0_iter-0,89,1,3.85863,1,13.4416,0.6,0.902559,0.1045,1,11.2134,1,3.43936,0.05,0.1,0.403448,0.1796,0.1796,1,14.014,1,14.1091,1,3.85863,1,13.4416,0.6,0.1045,1,11.2134,1,3.43936,0.05,0.1,0.403448,0.1796,0.1796,1,14.014,1,14.1091
00_run3_0_iter-0,90,1,5.65707,1,2.00702,0.6,0.893516,0.639769,1,9.98577,1,7.25216,0.05,0.1,0.192197,0.1796,0.1796,1,11.6442,1,3.83482,1,5.65707,1,2.00702,0.6,0.639769,1,9.98577,1,7.25216,0.05,0.1,0.192197,0.1796,0.1796,1,11.6442,1,3.83482
00_run3_0_iter-0,91,1,7.94142,1,14.0282,0.6,0.729241,0.434259,1,12.5525,1,4.65085,0.05,0.1,0.303973,0.1796,0.1796,1,4.22906,1,5.523,1,7.94142,1,14.0282,0.6,0.434259,1,12.5525,1,4.65085,0.05,0.1,0.303973,0.1796,0.1796,1,4.22906,1,5.523
00_run3_0_iter-0,92,1,13.7562,1,13.8213,0.6,0.781845,0.630087,1,12.4826,1,5.77058,0.05,0.1,0.392343,0.1796,0.1796,1,6.87191,1,14.9589,1,13.7562,1,13.8213,0.6,0.630087,1,12.4826,1,5.77058,0.05,0.1,0.392343,0.1796,0.1796,1,6.87191,1,14.9589
00_run3_0_iter-0,93,1,12.2344,1,5.63522,0.6,0.854499,0.260123,1,6.56369,1,9.46543,0.05,0.1,0.406051,0.1796,0.1796,1,4.40261,1,10.6552,1,12.2344,1,5.63522,0.6,0.260123,1,6.56369,1,9.46543,0.05,0.1,0.406051,0.1796,0.1796,1,4.40261,1,10.6552
00_run3_0_iter-0,94,1,5.23572,1,5.87271,0.6,0.542404,0.158562,1,8.30965,1,8.73977,0.05,0.1,0.308376,0.1796,0.1796,1,0.190907,1,4.24977,1,5.23572,1,5.87271,0.6,0.158562,1,8.30965,1,8.73977,0.05,0.1,0.308376,0.1796,0.1796,1,0.190907,1,4.24977
00_run3_0_iter-0,95,1,7.33581,1,7.05197,0.6,0.646635,0.961723,1,13.8873,1,4.93086,0.05,0.1,0.0934884,0.1796,0.1796,1,10.4552,1,14.94,1,7.33581,1,7.05197,0.6,0.961723,1,13.8873,1,4.93086,0.05,0.1,0.0934884,0.1796,0.1796,1,10.4552,1,14.94
00_run3_0_iter-0,96,1,0.311201,1,2.11279,0.6,0.313503,0.275652,1,12.7527,1,10.4718,0.05,0.1,0.440781,0.1796,0.1796,1,5.00049,1,12.2151,1,0.311201,1,2.11279,0.6,0.275652,1,12.7527,1,10.4718,0.05,0.1,0.440781,0.1796,0.1796,1,5.00049,1,12.2151
00_run3_0_iter-0,97,1,7.47096,1,13.7753,0.6,0.975852,0.862667,1,8.6746,1,5.31147,0.05,0.1,0.0227268,0.1796,0.1796,1,4.50389,1,7.96704,1,7.47096,1,13.7753,0.6,0.862667,1,8.6746,1,5.31147,0.05,0.1,0.0227268,0.1796,0.1796,1,4.50389,1,7.96704
00_run3_0_iter-0,98,1,0.571575,1,9.70418,0.6,0.235329,0.178783,1,3.09995,1,8.36165,0.05,0.1,0.0734542,0.1796,0.1796,1,5.40228,1,5.4222,1,0.571575,1,9.70418,0.6,0.178783,1,3.09995,1,8.36165,0.05,0.1,0.0734542,0.1796,0.1796,1,5.40228,1,5.4222
00_run3_0_iter-0,99,1,9.38753,1,13.8552,0.6,0.650373,0.803097,1,5.78469,1,3.71418,0.05,0.1,0.0494421,0.1796,0.1796,1,8.87709,1,0.725606,1,9.38753,1,13.8552,0.6,0.803097,1,5.78469,1,3.71418,0.05,0.1,0.0494421,0.1796,0.1796,1,8.87709,1,0.725606
00_run3_0_iter-1,0,1,3.6077,1,10.6143,0.6,0.319612,0.90124,1,2.15422,1,14.5238,0.05,0.1,0.38236,0.1796,0.1796,1,11.4414,1,12.1968,1,3.6077,1,10.6143,0.6,0.90124,1,2.15422,1,14.5238,0.05,0.1,0.38236,0.1796,0.1796,1,11.4414,1,12.1968
00_run3_0_iter-1,1,1,8.93426,1,5.29645,0.6,0.698104,0.634966,1,12.2052,1,2.6643,0.05,0.1,0.110387,0.1796,0.1796,1,3.03642,1,11.9791,1,8.93426,1,5.29645,0.6,0.634966,1,12.2052,1,2.6643,0.05,0.1,0.110387,0.1796,0.1796,1,3.03642,1,11.9791
00_run3_0_iter-1,3,1,6.9745,1,2.36913,0.6,0.34687,0.758167,1,3.2547,1,11.2868,0.05,0.1,0.330346,0.1796,0.1796,1,9.88622,1,9.11949,1,6.9745,1,2.36913,0.6,0.758167,1,3.2547,1,11.2868,0.05,0.1,0.330346,0.1796,0.1796,1,9.88622,1,9.11949
00_run3_0_iter-1,4,1,2.84295,1,2.42926,0.6,0.245883,0.534648,1,3.12985,1,5.62178,0.05,0.1,0.328539,0.1796,0.1796,1,0.105694,1,10.6853,1,2.84295,1,2.42926,0.6,0.534648,1,3.12985,1,5.62178,0.05,0.1,0.328539,0.1796,0.1796,1,0.105694,1,10.6853
00_run3_0_iter-1,6,1,1.26092,1,14.4248,0.6,0.145122,0.958458,1,13.5791,1,2.58218,0.05,0.1,7.6977e-05,0.1796,0.1796,1,4.44487,1,11.2134,1,1.26092,1,14.4248,0.6,0.958458,1,13.5791,1,2.58218,0.05,0.1,7.6977e-05,0.1796,0.1796,1,4.44487,1,11.2134
00_run3_0_iter-1,7,1,3.25358,1,2.52945,0.6,0.213148,0.85837,1,10.1595,1,9.25027,0.05,0.1,0.144319,0.1796,0.1796,1,4.96924,1,10.2245,1,3.25358,1,2.52945,0.6,0.85837,1,10.1595,1,9.25027,0.05,0.1,0.144319,0.1796,0.1796,1,4.96924,1,10.2245
00_run3_0_iter-1,8,1,0.960498,1,10.8872,0.6,0.451416,0.712734,1,10.8815,1,12.5368,0.05,0.1,0.078226,0.1796,0.1796,1,3.50261,1,10.6434,1,0.960498,1,10.8872,0.6,0.712734,1,10.8815,1,12.5368,0.05,0.1,0.078226,0.1796,0.1796,1,3.50261,1,10.6434
00_run3_0_iter-1,9,1,7.39576,1,5.13893,0.6,0.703286,0.616489,1,0.218712,1,11.7551,0.05,0.1,0.450269,0.1796,0.1796,1,0.458453,1,14.5793,1,7.39576,1,5.13893,0.6,0.616489,1,0.218712,1,11.7551,0.05,0.1,0.450269,0.1796,0.1796,1,0.458453,1,14.5793
00_run3_0_iter-1,10,1,6.9264,1,7.15526,0.6,0.174231,0.308762,1,3.70232,1,8.3676,0.05,0.1,0.331822,0.1796,0.1796,1,5.0131,1,14.4404,1,6.9264,1,7.15526,0.6,0.308762,1,3.70232,1,8.3676,0.05,0.1,0.331822,0.1796,0.1796,1,5.0131,1,14.4404
00_run3_0_iter-1,12,1,2.70266,1,3.57099,0.6,0.178035,0.982516,1,12.3278,1,5.53741,0.05,0.1,0.102111,0.1796,0.1796,1,5.54756,1,8.61453,1,2.70266,1,3.57099,0.6,0.982516,1,12.3278,1,5.53741,0.05,0.1,0.102111,0.1796,0.1796,1,5.54756,1,8.61453
00_run3_0_iter-1,13,1,11.3921,1,2.88568,0.6,0.326431,0.742839,1,3.88098,1,6.00379,0.05,0.1,0.217396,0.1796,0.1796,1,8.92071,1,2.85093,1,11.3921,1,2.88568,0.6,0.742839,1,3.88098,1,6.00379,0.05,0.1,0.217396,0.1796,0.1796,1,8.92071,1,2.85093
00_run3_0_iter-1,14,1,7.22239,1,6.29378,0.6,0.18116,0.895468,1,10.8941,1,1.69838,0.05,0.1,0.124168,0.1796,0.1796,1,1.5413,1,7.1524,1,7.22239,1,6.29378,0.6,0.895468,1,10.8941,1,1.69838,0.05,0.1,0.124168,0.1796,0.1796,1,1.5413,1,7.1524
00_run3_0_iter-1,15,1,13.4171,1,2.40429,0.6,0.229572,0.75929,1,11.3623,1,6.93804,0.05,0.1,0.0890532,0.1796,0.1796,1,10.8748,1,13.1714,1,13.4171,1,2.40429,0.6,0.75929,1,11.3623,1,6.93804,0.05,0.1,0.0890532,0.1796,0.1796,1,10.8748,1,13.1714
00_run3_0_iter-1,16,1,2.1296,1,6.11909,0.6,0.563518,0.352387,1,6.80778,1,7.65674,0.05,0.1,0.154171,0.1796,0.1796,1,10.5499,1,14.591,1,2.1296,1,6.11909,0.6,0.352387,1,6.80778,1,7.65674,0.05,0.1,0.154171,0.1796,0.1796,1,10.5499,1,14.591
00_run3_0_iter-1,17,1,2.55178,1,1.47625,0.6,0.605359,0.713552,1,13.6494,1,8.09088,0.05,0.1,0.226002,0.1796,0.1796,1,9.5181,1,9.75998,1,2.55178,1,1.47625,0.6,0.713552,1,13.6494,1,8.09088,0.05,0.1,0.226002,0.1796,0.1796,1,9.5181,1,9.75998
00_run3_0_iter-1,18,1,14.9892,1,2.11888,0.6,0.110658,0.571802,1,3.23944,1,12.9933,0.05,0.1,0.29499,0.1796,0.1796,1,8.13817,1,5.20326,1,14.9892,1,2.11888,0.6,0.571802,1,3.23944,1,12.9933,0.05,0.1,0.29499,0.1796,0.1796,1,8.13817,1,5.20326
00_run3_0_iter-1,19,1,2.83632,1,1.31263,0.6,0.573354,0.710078,1,5.30143,1,14.2631,0.05,0.1,0.299091,0.1796,0.1796,1,3.27515,1,9.59124,1,2.83632,1,1.31263,0.6,0.710078,1,5.30143,1,14.2631,0.05,0.1,0.299091,0.1796,0.1796,1,3.27515,1,9.59124
00_run3_0_iter-1,21,1,10.1813,1,7.70155,0.6,0.380548,0.74926,1,7.39738,1,3.69664,0.05,0.1,0.0684035,0.1796,0.1796,1,1.24743,1,12.615,1,10.1813,1,7.70155,0.6,0.74926,1,7.39738,1,3.69664,0.05,0.1,0.0684035,0.1796,0.1796,1,1.24743,1,12.615
00_run3_0_iter-1,23,1,9.61681,1,13.2331,0.6,0.674342,0.32323,1,2.58114,1,13.7739,0.05,0.1,0.343567,0.1796,0.1796,1,14.8535,1,9.91344,1,9.61681,1,13.2331,0.6,0.32323,1,2.58114,1,13.7739,0.05,0.1,0.343567,0.1796,0.1796,1,14.8535,1,9.91344
00_run3_0_iter-1,24,1,10.1742,1,2.69546,0.6,0.430926,0.752332,1,3.28511,1,1.73801,0.05,0.1,0.295851,0.1796,0.1796,1,0.795686,1,3.82149,1,10.1742,1,2.69546,0.6,0.752332,1,3.28511,1,1.73801,0.05,0.1,0.295851,0.1796,0.1796,1,0.795686,1,3.82149
00_run3_0_iter-1,25,1,10.1437,1,14.1585,0.6,0.525547,0.525111,1,6.92973,1,3.00522,0.05,0.1,0.262749,0.1796,0.1796,1,8.27803,1,11.7234,1,10.1437,1,14.1585,0.6,0.525111,1,6.92973,1,3.00522,0.05,0.1,0.262749,0.1796,0.1796,1,8.27803,1,11.7234
00_run3_0_iter-1,26,1,8.0638,1,4.50641,0.6,0.970025,0.553872,1,8.73999,1,1.65242,0.05,0.1,0.332227,0.1796,0.1796,1,2.65685,1,12.6208,1,8.0638,1,4.50641,0.6,0.553872,1,8.73999,1,1.65242,0.05,0.1,0.332227,0.1796,0.1796,1,2.65685,1,12.6208
00_run3_0_iter-1,27,1,7.26175,1,0.568982,0.6,0.524278,0.741437,1,0.385026,1,4.16999,0.05,0.1,0.47148,0.1796,0.1796,1,1.21705,1,5.34892,1,7.26175,1,0.568982,0.6,0.741437,1,0.385026,1,4.16999,0.05,0.1,0.47148,0.1796,0.1796,1,1.21705,1,5.34892
00_run3_0_iter-1,28,1,0.978886,1,7.37115,0.6,0.292612,0.411647,1,6.65897,1,4.90844,0.05,0.1,0.41496,0.1796,0.1796,1,2.16632,1,6.34933,1,0.978886,1,7.37115,0.6,0.411647,1,6.65897,1,4.90844,0.05,0.1,0.41496,0.1796,0.1796,1,2.16632,1,6.34933
00_run3_0_iter-1,29,1,4.65094,1,8.47859,0.6,0.545865,0.783628,1,9.93142,1,12.0534,0.05,0.1,0.194466,0.1796,0.1796,1,4.26233,1,12.5837,1,4.65094,1,8.47859,0.6,0.783628,1,9.93142,1,12.0534,0.05,0.1,0.194466,0.1796,0.1796,1,4.26233,1,12.5837
00_run3_0_iter-1,30,1,8.59236,1,5.77098,0.6,0.284803,0.941324,1,4.14592,1,1.60543,0.05,0.1,0.300391,0.1796,0.1796,1,11.3045,1,2.00359,1,8.59236,1,5.77098,0.6,0.941324,1,4.14592,1,1.60543,0.05,0.1,0.300391,0.1796,0.1796,1,11.3045,1,2.00359
00_run3_0_iter-1,31,1,0.700661,1,0.609724,0.6,0.693165,0.748235,1,5.74268,1,6.27616,0.05,0.1,0.316337,0.1796,0.1796,1,12.1391,1,13.2184,1,0.700661,1,0.609724,0.6,0.748235,1,5.74268,1,6.27616,0.05,0.1,0.316337,0.1796,0.1796,1,12.1391,1,13.2184
00_run3_0_iter-1,32,1,5.83544,1,1.45648,0.6,0.246275,0.642063,1,9.94306,1,0.46576,0.05,0.1,0.0637297,0.1796,0.1796,1,0.831696,1,0.247526,1,5.83544,1,1.45648,0.6,0.642063,1,9.94306,1,0.46576,0.05,0.1,0.0637297,0.1796,0.1796,1,0.831696,1,0.247526
00_run3_0_iter-1,33,1,9.28595,1,11.51,0.6,0.190017,0.974533,1,8.68178,1,3.52649,0.05,0.1,0.146531,0.1796,0.1796,1,11.4856,1,7.09293,1,9.28595,1,11.51,0.6,0.974533,1,8.68178,1,3.52649,0.05,0.1,0.146531,0.1796,0.1796,1,11.4856,1,7.09293
00_run3_0_iter-1,34,1,3.456,1,14.1737,0.6,0.428617,0.449644,1,9.99273,1,1.53413,0.05,0.1,0.168085,0.1796,0.1796,1,0.473516,1,11.8936,1,3.456,1,14.1737,0.6,0.449644,1,9.99273,1,1.53413,0.05,0.1,0.168085,0.1796,0.1796,1,0.473516,1,11.8936
00_run3_0_iter-1,36,1,1.4729,1,2.29606,0.6,0.71182,0.742957,1,5.30293,1,3.011,0.05,0.1,0.40131,0.1796,0.1796,1,14.0404,1,5.33052,1,1.4729,1,2.29606,0.6,0.742957,1,5.30293,1,3.011,0.05,0.1,0.40131,0.1796,0.1796,1,14.0404,1,5.33052
00_run3_0_iter-1,37,1,2.40864,1,0.672787,0.6,0.109127,0.644902,1,5.09254,1,7.02119,0.05,0.1,0.0700323,0.1796,0.1796,1,8.5269,1,10.5646,1,2.40864,1,0.672787,0.6,0.644902,1,5.09254,1,7.02119,0.05,0.1,0.0700323,0.1796,0.1796,1,8.5269,1,10.5646
00_run3_0_iter-1,38,1,2.94651,1,0.51736,0.6,0.352598,0.501662,1,3.88132,1,4.25078,0.05,0.1,0.325895,0.1796,0.1796,1,13.3671,1,14.6077,1,2.94651,1,0.51736,0.6,0.501662,1,3.88132,1,4.25078,0.05,0.1,0.325895,0.1796,0.1796,1,13.3671,1,14.6077
00_run3_0_iter-1,40,1,5.97285,1,6.47268,0.6,0.454798,0.812513,1,6.92934,1,7.38229,0.05,0.1,0.0164973,0.1796,0.1796,1,6.35316,1,4.99066,1,5.97285,1,6.47268,0.6,0.812513,1,6.92934,1,7.38229,0.05,0.1,0.0164973,0.1796,0.1796,1,6.35316,1,4.99066
00_run3_0_iter-1,41,1,0.465171,1,1.52769,0.6,0.200527,0.993111,1,5.32845,1,6.00321,0.05,0.1,0.153863,0.1796,0.1796,1,0.869524,1,6.5319,1,0.465171,1,1.52769,0.6,0.993111,1,5.32845,1,6.00321,0.05,0.1,0.153863,0.1796,0.1796,1,0.869524,1,6.5319
00_run3_0_iter-1,42,1,11.9314,1,13.0737,0.6,0.785232,0.930058,1,9.18715,1,3.06631,0.05,0.1,0.254207,0.1796,0.1796,1,6.55269,1,7.79186,1,11.9314,1,13.0737,0.6,0.930058,1,9.18715,1,3.06631,0.05,0.1,0.254207,0.1796,0.1796,1,6.55269,1,7.79186
00_run3_0_iter-1,43,1,6.58916,1,5.93374,0.6,0.459089,0.703134,1,6.96737,1,5.85332,0.05,0.1,0.24339,0.1796,0.1796,1,6.80138,1,10.6152,1,6.58916,1,5.93374,0.6,0.703134,1,6.96737,1,5.85332,0.05,0.1,0.24339,0.1796,0.1796,1,6.80138,1,10.6152
00_run3_0_iter-1,44,1,5.53107,1,4.29807,0.6,0.618612,0.614934,1,10.2433,1,2.5844,0.05,0.1,0.154503,0.1796,0.1796,1,10.3012,1,11.7967,1,5.53107,1,4.29807,0.6,0.614934,1,10.2433,1,2.5844,0.05,0.1,0.154503,0.1796,0.1796,1,10.3012,1,11.7967
00_run3_0_iter-1,45,1,2.84478,1,14.1787,0.6,0.429908,0.647073,1,9.68711,1,6.86023,0.05,0.1,0.308137,0.1796,0.1796,1,13.9251,1,14.2092,1,2.84478,1,14.1787,0.6,0.647073,1,9.68711,1,6.86023,0.05,0.1,0.308137,0.1796,0.1796,1,13.9251,1,14.2092
00_run3_0_iter-1,46,1,12.8215,1,12.2553,0.6,0.986272,0.770138,1,4.14736,1,14.4062,0.05,0.1,0.376657,0.1796,0.1796,1,14.357,1,14.2126,1,12.8215,1,12.2553,0.6,0.770138,1,4.14736,1,14.4062,0.05,0.1,0.376657,0.1796,0.1796,1,14.357,1,14.2126
00_run3_0_iter-1,47,1,3.55604,1,8.56136,0.6,0.281154,0.45042,1,6.36176,1,7.44861,0.05,0.1,0.183914,0.1796,0.1796,1,5.20963,1,12.7351,1,3.55604,1,8.56136,0.6,0.45042,1,6.36176,1,7.44861,0.05,0.1,0.183914,0.1796,0.1796,1,5.20963,1,12.7351
00_run3_0_iter-1,48,1,9.44312,1,1.33178,0.6,0.289956,0.715386,1,9.07173,1,0.450881,0.05,0.1,0.11621,0.1796,0.1796,1,1.63597,1,1.85212,1,9.44312,1,1.33178,0.6,0.715386,1,9.07173,1,0.450881,0.05,0.1,0.11621,0.1796,0.1796,1,1.63597,1,1.85212
00_run3_0_iter-1,49,1,10.7247,1,4.35748,0.6,0.516909,0.816195,1,8.28725,1,13.1642,0.05,0.1,0.387396,0.1796,0.1796,1,13.405,1,14.5959,1,10.7247,1,4.35748,0.6,0.816195,1,8.28725,1,13.1642,0.05,0.1,0.387396,0.1796,0.1796,1,13.405,1,14.5959
00_run3_0_iter-1,51,1,5.88583,1,6.58803,0.6,0.457307,0.8184,1,6.0732,1,5.64,0.05,0.1,0.154592,0.1796,0.1796,1,0.354619,1,12.9989,1,5.88583,1,6.58803,0.6,0.8184,1,6.0732,1,5.64,0.05,0.1,0.154592,0.1796,0.1796,1,0.354619,1,12.9989
00_run3_0_iter-1,52,1,7.87769,1,9.55355,0.6,0.498848,0.967378,1,5.46804,1,5.29578,0.05,0.1,0.209779,0.1796,0.1796,1,1.80087,1,5.98585,1,7.87769,1,9.55355,0.6,0.967378,1,5.46804,1,5.29578,0.05,0.1,0.209779,0.1796,0.1796,1,1.80087,1,5.98585
00_run3_0_iter-1,53,1,11.2216,1,1.72312,0.6,0.417185,0.511967,1,9.92476,1,0.376873,0.05,0.1,0.347771,0.1796,0.1796,1,13.1283,1,6.13893,1,11.2216,1,1.72312,0.6,0.511967,1,9.92476,1,0.376873,0.05,0.1,0.347771,0.1796,0.1796,1,13.1283,1,6.13893
00_run3_0_iter-1,54,1,9.38508,1,12.962,0.6,0.62252,0.865027,1,7.99445,1,3.85874,0.05,0.1,0.185594,0.1796,0.1796,1,3.32076,1,7.70274,1,9.38508,1,12.962,0.6,0.865027,1,7.99445,1,3.85874,0.05,0.1,0.185594,0.1796,0.1796,1,3.32076,1,7.70274
00_run3_0_iter-1,55,1,4.90639,1,12.7348,0.6,0.906998,0.820021,1,10.3015,1,8.74643,0.05,0.1,0.209752,0.1796,0.1796,1,14.9404,1,14.0922,1,4.90639,1,12.7348,0.6,0.820021,1,10.3015,1,8.74643,0.05,0.1,0.209752,0.1796,0.1796,1,14.9404,1,14.0922
00_run3_0_iter-1,56,1,1.51306,1,0.89434,0.6,0.447966,0.982638,1,13.4302,1,1.22977,0.05,0.1,0.100025,0.1796,0.1796,1,2.58259,1,3.2015,1,1.51306,1,0.89434,0.6,0.982638,1,13.4302,1,1.22977,0.05,0.1,0.100025,0.1796,0.1796,1,2.58259,1,3.2015
00_run3_0_iter-1,57,1,6.4377,1,5.54865,0.6,0.43337,0.730249,1,6.34025,1,5.72466,0.05,0.1,0.225183,0.1796,0.1796,1,6.59983,1,11.1202,1,6.4377,1,5.54865,0.6,0.730249,1,6.34025,1,5.72466,0.05,0.1,0.225183,0.1796,0.1796,1,6.59983,1,11.1202
00_run3_0_iter-1,58,1,12.3773,1,3.44527,0.6,0.771248,0.856996,1,2.17836,1,8.96412,0.05,0.1,0.353508,0.1796,0.1796,1,6.50379,1,3.5607,1,12.3773,1,3.44527,0.6,0.856996,1,2.17836,1,8.96412,0.05,0.1,0.353508,0.1796,0.1796,1,6.50379,1,3.5607
00_run3_0_iter-1,60,1,0.635303,1,4.29119,0.6,0.931423,0.750295,1,1.40079,1,6.39755,0.05,0.1,0.412605,0.1796,0.1796,1,14.4036,1,11.6074,1,0.635303,1,4.29119,0.6,0.750295,1,1.40079,1,6.39755,0.05,0.1,0.412605,0.1796,0.1796,1,14.4036,1,11.6074
00_run3_0_iter-1,61,1,7.06776,1,7.38015,0.6,0.364678,0.954591,1,4.35512,1,3.91917,0.05,0.1,0.245629,0.1796,0.1796,1,1.34261,1,5.42755,1,7.06776,1,7.38015,0.6,0.954591,1,4.35512,1,3.91917,0.05,0.1,0.245629,0.1796,0.1796,1,1.34261,1,5.42755
00_run3_0_iter-1,62,1,12.6189,1,10.5985,0.6,0.62804,0.676859,1,12.6537,1,2.66965,0.05,0.1,0.171388,0.1796,0.1796,1,13.3515,1,11.1788,1,12.6189,1,10.5985,0.6,0.676859,1,12.6537,1,2.66965,0.05,0.1,0.171388,0.1796,0.1796,1,13.3515,1,11.1788
00_run3_0_iter-1,63,1,14.9213,1,0.260367,0.6,0.598438,0.551909,1,5.03137,1,4.09917,0.05,0.1,0.372011,0.1796,0.1796,1,11.8826,1,14.869,1,14.9213,1,0.260367,0.6,0.551909,1,5.03137,1,4.09917,0.05,0.1,0.372011,0.1796,0.1796,1,11.8826,1,14.869
00_run3_0_iter-1,64,1,2.96324,1,9.73323,0.6,0.697886,0.487971,1,4.99555,1,10.495,0.05,0.1,0.248165,0.1796,0.1796,1,1.85347,1,14.6006,1,2.96324,1,9.73323,0.6,0.487971,1,4.99555,1,10.495,0.05,0.1,0.248165,0.1796,0.1796,1,1.85347,1,14.6006
00_run3_0_iter-1,65,1,9.61858,1,1.53087,0.6,0.104976,0.627733,1,5.906,1,7.10744,0.05,0.1,0.266276,0.1796,0.1796,1,13.2376,1,7.8825,1,9.61858,1,1.53087,0.6,0.627733,1,5.906,1,7.10744,0.05,0.1,0.266276,0.1796,0.1796,1,13.2376,1,7.8825
00_run3_0_iter-1,66,1,7.21838,1,0.766323,0.6,0.595697,0.285812,1,2.03334,1,12.4732,0.05,0.1,0.27863,0.1796,0.1796,1,11.6489,1,14.5355,1,7.21838,1,0.766323,0.6,0.285812,1,2.03334,1,12.4732,0.05,0.1,0.27863,0.1796,0.1796,1,11.6489,1,14.5355
00_run3_0_iter-1,67,1,10.0094,1,3.36799,0.6,0.527158,0.410181,1,1.5529,1,1.97987,0.05,0.1,0.330934,0.1796,0.1796,1,3.66234,1,9.55637,1,10.0094,1,3.36799,0.6,0.410181,1,1.5529,1,1.97987,0.05,0.1,0.330934,0.1796,0.1796,1,3.66234,1,9.55637
00_run3_0_iter-1,68,1,2.36459,1,6.33168,0.6,0.723392,0.928863,1,12.5984,1,12.2196,0.05,0.1,0.270779,0.1796,0.1796,1,11.7158,1,10.0733,1,2.36459,1,6.33168,0.6,0.928863,1,12.5984,1,12.2196,0.05,0.1,0.270779,0.1796,0.1796,1,11.7158,1,10.0733
00_run3_0_iter-1,71,1,11.9069,1,10.4331,0.6,0.218849,0.42961,1,3.67377,1,9.02492,0.05,0.1,0.410769,0.1796,0.1796,1,9.8958,1,13.8224,1,11.9069,1,10.4331,0.6,0.42961,1,3.67377,1,9.02492,0.05,0.1,0.410769,0.1796,0.1796,1,9.8958,1,13.8224
00_run3_0_iter-1,73,1,4.97302,1,1.05453,0.6,0.247388,0.787957,1,9.50078,1,4.66011,0.05,0.1,0.037756,0.1796,0.1796,1,10.3564,1,9.44958,1,4.97302,1,1.05453,0.6,0.787957,1,9.50078,1,4.66011,0.05,0.1,0.037756,0.1796,0.1796,1,10.3564,1,9.44958
00_run3_0_iter-1,74,1,10.261,1,0.35914,0.6,0.209217,0.326998,1,10.4787,1,2.89361,0.05,0.1,0.31608,0.1796,0.1796,1,9.5978,1,10.5557,1,10.261,1,0.35914,0.6,0.326998,1,10.4787,1,2.89361,0.05,0.1,0.31608,0.1796,0.1796,1,9.5978,1,10.5557
00_run3_0_iter-1,75,1,14.5719,1,7.21635,0.6,0.915452,0.941941,1,8.61987,1,1.27869,0.05,0.1,0.277217,0.1796,0.1796,1,11.285,1,12.5326,1,14.5719,1,7.21635,0.6,0.941941,1,8.61987,1,1.27869,0.05,0.1,0.277217,0.1796,0.1796,1,11.285,1,12.5326
00_run3_0_iter-1,77,1,9.32951,1,10.9267,0.6,0.108797,0.596552,1,0.124456,1,5.94896,0.05,0.1,0.372101,0.1796,0.1796,1,2.49318,1,2.61947,1,9.32951,1,10.9267,0.6,0.596552,1,0.124456,1,5.94896,0.05,0.1,0.372101,0.1796,0.1796,1,2.49318,1,2.61947
00_run3_0_iter-1,78,1,11.6576,1,10.1966,0.6,0.669752,0.5962,1,9.21654,1,2.8933,0.05,0.1,0.191878,0.1796,0.1796,1,10.1586,1,10.8924,1,11.6576,1,10.1966,0.6,0.5962,1,9.21654,1,2.8933,0.05,0.1,0.191878,0.1796,0.1796,1,10.1586,1,10.8924
00_run3_0_iter-1,79,1,12.8103,1,9.88374,0.6,0.545768,0.901476,1,7.81386,1,0.96625,0.05,0.1,0.344868,0.1796,0.1796,1,0.674284,1,2.11534,1,12.8103,1,9.88374,0.6,0.901476,1,7.81386,1,0.96625,0.05,0.1,0.344868,0.1796,0.1796,1,0.674284,1,2.11534
00_run3_0_iter-1,80,1,5.62259,1,3.33052,0.6,0.749044,0.990747,1,9.53591,1,11.3514,0.05,0.1,0.351926,0.1796,0.1796,1,13.2747,1,8.39833,1,5.62259,1,3.33052,0.6,0.990747,1,9.53591,1,11.3514,0.05,0.1,0.351926,0.1796,0.1796,1,13.2747,1,8.39833
00_run3_0_iter-1,81,1,5.90002,1,5.17317,0.6,0.390893,0.461704,1,1.79871,1,5.85655,0.05,0.1,0.39805,0.1796,0.1796,1,7.03142,1,5.81011,1,5.90002,1,5.17317,0.6,0.461704,1,1.79871,1,5.85655,0.05,0.1,0.39805,0.1796,0.1796,1,7.03142,1,5.81011
00_run3_0_iter-1,82,1,5.67768,1,10.259,0.6,0.68702,0.530088,1,7.72826,1,6.89813,0.05,0.1,0.414846,0.1796,0.1796,1,3.12286,1,14.7058,1,5.67768,1,10.259,0.6,0.530088,1,7.72826,1,6.89813,0.05,0.1,0.414846,0.1796,0.1796,1,3.12286,1,14.7058
00_run3_0_iter-1,83,1,6.79494,1,6.8053,0.6,0.403324,0.545362,1,4.07264,1,11.9328,0.05,0.1,0.367442,0.1796,0.1796,1,0.808567,1,11.9018,1,6.79494,1,6.8053,0.6,0.545362,1,4.07264,1,11.9328,0.05,0.1,0.367442,0.1796,0.1796,1,0.808567,1,11.9018
00_run3_0_iter-1,84,1,0.133444,1,1.01158,0.6,0.243335,0.296225,1,7.99148,1,7.91666,0.05,0.1,0.332367,0.1796,0.1796,1,11.6345,1,10.1351,1,0.133444,1,1.01158,0.6,0.296225,1,7.99148,1,7.91666,0.05,0.1,0.332367,0.1796,0.1796,1,11.6345,1,10.1351
00_run3_0_iter-1,85,1,11.9353,1,8.20242,0.6,0.212197,0.217595,1,8.55313,1,3.70787,0.05,0.1,0.0603649,0.1796,0.1796,1,2.56009,1,14.9156,1,11.9353,1,8.20242,0.6,0.217595,1,8.55313,1,3.70787,0.05,0.1,0.0603649,0.1796,0.1796,1,2.56009,1,14.9156
00_run3_0_iter-1,87,1,3.84587,1,5.77897,0.6,0.119751,0.48436,1,5.67611,1,9.47301,0.05,0.1,0.209779,0.1796,0.1796,1,13.2716,1,8.27933,1,3.84587,1,5.77897,0.6,0.48436,1,5.67611,1,9.47301,0.05,0.1,0.209779,0.1796,0.1796,1,13.2716,1,8.27933
00_run3_0_iter-1,88,1,1.37596,1,10.3556,0.6,0.377904,0.61755,1,10.1207,1,0.314013,0.05,0.1,0.25886,0.1796,0.1796,1,11.3591,1,12.4147,1,1.37596,1,10.3556,0.6,0.61755,1,10.1207,1,0.314013,0.05,0.1,0.25886,0.1796,0.1796,1,11.3591,1,12.4147
00_run3_0_iter-1,89,1,3.05959,1,11.2267,0.6,0.813962,0.147498,1,6.29632,1,2.20144,0.05,0.1,0.280194,0.1796,0.1796,1,12.4974,1,14.8504,1,3.05959,1,11.2267,0.6,0.147498,1,6.29632,1,2.20144,0.05,0.1,0.280194,0.1796,0.1796,1,12.4974,1,14.8504
00_run3_0_iter-1,90,1,5.51074,1,0.901557,0.6,0.830949,0.841276,1,10.0544,1,6.79526,0.05,0.1,0.235486,0.1796,0.1796,1,10.4531,1,6.48087,1,5.51074,1,0.901557,0.6,0.841276,1,10.0544,1,6.79526,0.05,0.1,0.235486,0.1796,0.1796,1,10.4531,1,6.48087
00_run3_0_iter-1,91,1,7.00146,1,12.5242,0.6,0.601203,0.738102,1,8.69239,1,3.35233,0.05,0.1,0.176202,0.1796,0.1796,1,2.23319,1,9.5868,1,7.00146,1,12.5242,0.6,0.738102,1,8.69239,1,3.35233,0.05,0.1,0.176202,0.1796,0.1796,1,2.23319,1,9.5868
00_run3_0_iter-1,92,1,13.5427,1,13.5821,0.6,0.750627,0.723756,1,8.8127,1,4.78219,0.05,0.1,0.239632,0.1796,0.1796,1,5.52429,1,14.9826,1,13.5427,1,13.5821,0.6,0.723756,1,8.8127,1,4.78219,0.05,0.1,0.239632,0.1796,0.1796,1,5.52429,1,14.9826
00_run3_0_iter-1,93,1,11.5413,1,3.46614,0.6,0.776581,0.473318,1,2.51991,1,7.89997,0.05,0.1,0.281322,0.1796,0.1796,1,2.49917,1,13.0672,1,11.5413,1,3.46614,0.6,0.473318,1,2.51991,1,7.89997,0.05,0.1,0.281322,0.1796,0.1796,1,2.49917,1,13.0672
00_run3_0_iter-1,95,1,7.47904,1,6.06061,0.6,0.608846,0.978096,1,14.0794,1,4.87456,0.05,0.1,0.118372,0.1796,0.1796,1,10.0718,1,14.9655,1,7.47904,1,6.06061,0.6,0.978096,1,14.0794,1,4.87456,0.05,0.1,0.118372,0.1796,0.1796,1,10.0718,1,14.9655
00_run3_0_iter-1,96,1,0.255691,1,1.77806,0.6,0.284899,0.348529,1,9.1939,1,9.44885,0.05,0.1,0.321424,0.1796,0.1796,1,3.78058,1,13.1084,1,0.255691,1,1.77806,0.6,0.348529,1,9.1939,1,9.44885,0.05,0.1,0.321424,0.1796,0.1796,1,3.78058,1,13.1084
00_run3_0_iter-1,97,1,7.54773,1,12.7772,0.6,0.961914,0.938719,1,10.0552,1,5.34932,0.05,0.1,0.0515586,0.1796,0.1796,1,3.94563,1,9.7785,1,7.54773,1,12.7772,0.6,0.938719,1,10.0552,1,5.34932,0.05,0.1,0.0515586,0.1796,0.1796,1,3.94563,1,9.7785
00_run3_0_iter-1,98,1,0.666116,1,5.9041,0.6,0.173125,0.351129,1,8.42978,1,8.85662,0.05,0.1,0.329833,0.1796,0.1796,1,4.71418,1,8.26432,1,0.666116,1,5.9041,0.6,0.351129,1,8.42978,1,8.85662,0.05,0.1,0.329833,0.1796,0.1796,1,4.71418,1,8.26432
00_run3_0_iter-1,99,1,9.08925,1,7.75378,0.6,0.361472,0.996194,1,9.18535,1,3.22853,0.05,0.1,0.257992,0.1796,0.1796,1,5.45913,1,5.02061,1,9.08925,1,7.75378,0.6,0.996194,1,9.18535,1,3.22853,0.05,0.1,0.257992,0.1796,0.1796,1,5.45913,1,5.02061
00_run3_0_iter-2,0,1,3.15773,1,10.4698,0.6,0.44749,0.883858,1,2.55382,1,14.3865,0.05,0.1,0.304427,0.1796,0.1796,1,12.5714,1,12.8293,1,3.15773,1,10.4698,0.6,0.883858,1,2.55382,1,14.3865,0.05,0.1,0.304427,0.1796,0.1796,1,12.5714,1,12.8293
00_run3_0_iter-2,1,1,7.85278,1,3.54333,0.6,0.296254,0.796431,1,12.7694,1,2.48826,0.05,0.1,0.0106027,0.1796,0.1796,1,4.64489,1,10.4054,1,7.85278,1,3.54333,0.6,0.796431,1,12.7694,1,2.48826,0.05,0.1,0.0106027,0.1796,0.1796,1,4.64489,1,10.4054
00_run3_0_iter-2,3,1,5.88765,1,2.46154,0.6,0.252439,0.801363,1,4.11065,1,11.0085,0.05,0.1,0.184409,0.1796,0.1796,1,10.6945,1,8.35039,1,5.88765,1,2.46154,0.6,0.801363,1,4.11065,1,11.0085,0.05,0.1,0.184409,0.1796,0.1796,1,10.6945,1,8.35039
00_run3_0_iter-2,4,1,2.75601,1,1.99465,0.6,0.244454,0.54532,1,3.41278,1,4.93409,0.05,0.1,0.281236,0.1796,0.1796,1,0.109841,1,10.7233,1,2.75601,1,1.99465,0.6,0.54532,1,3.41278,1,4.93409,0.05,0.1,0.281236,0.1796,0.1796,1,0.109841,1,10.7233
00_run3_0_iter-2,6,1,2.0187,1,13.9971,0.6,0.431425,0.930344,1,12.6269,1,2.85436,0.05,0.1,0.000485006,0.1796,0.1796,1,3.475,1,11.7229,1,2.0187,1,13.9971,0.6,0.930344,1,12.6269,1,2.85436,0.05,0.1,0.000485006,0.1796,0.1796,1,3.475,1,11.7229
00_run3_0_iter-2,7,1,2.55394,1,2.00314,0.6,0.252883,0.83389,1,10.597,1,8.84993,0.05,0.1,0.0403593,0.1796,0.1796,1,8.65542,1,11.9078,1,2.55394,1,2.00314,0.6,0.83389,1,10.597,1,8.84993,0.05,0.1,0.0403593,0.1796,0.1796,1,8.65542,1,11.9078
00_run3_0_iter-2,8,1,2.03192,1,3.23136,0.6,0.238916,0.795244,1,8.17644,1,11.9414,0.05,0.1,0.120387,0.1796,0.1796,1,9.29175,1,13.0155,1,2.03192,1,3.23136,0.6,0.795244,1,8.17644,1,11.9414,0.05,0.1,0.120387,0.1796,0.1796,1,9.29175,1,13.0155
00_run3_0_iter-2,9,1,6.28401,1,3.43373,0.6,0.307072,0.817527,1,0.27121,1,11.9732,0.05,0.1,0.231953,0.1796,0.1796,1,0.701948,1,13.9713,1,6.28401,1,3.43373,0.6,0.817527,1,0.27121,1,11.9732,0.05,0.1,0.231953,0.1796,0.1796,1,0.701948,1,13.9713
00_run3_0_iter-2,10,1,5.91227,1,6.44663,0.6,0.115903,0.470251,1,5.03254,1,7.74709,0.05,0.1,0.15018,0.1796,0.1796,1,5.27841,1,13.8051,1,5.91227,1,6.44663,0.6,0.470251,1,5.03254,1,7.74709,0.05,0.1,0.15018,0.1796,0.1796,1,5.27841,1,13.8051
00_run3_0_iter-2,12,1,2.00871,1,3.8157,0.6,0.308523,0.965052,1,12.6306,1,5.43476,0.05,0.1,0.0314645,0.1796,0.1796,1,8.70242,1,10.9766,1,2.00871,1,3.8157,0.6,0.965052,1,12.6306,1,5.43476,0.05,0.1,0.0314645,0.1796,0.1796,1,8.70242,1,10.9766
00_run3_0_iter-2,13,1,11.1912,1,2.17762,0.6,0.240415,0.733201,1,4.3803,1,4.66457,0.05,0.1,0.183155,0.1796,0.1796,1,11.3231,1,3.72531,1,11.1912,1,2.17762,0.6,0.733201,1,4.3803,1,4.66457,0.05,0.1,0.183155,0.1796,0.1796,1,11.3231,1,3.72531
00_run3_0_iter-2,14,1,6.67702,1,5.63947,0.6,0.346265,0.801988,1,10.4471,1,1.76253,0.05,0.1,0.058845,0.1796,0.1796,1,3.76033,1,10.1992,1,6.67702,1,5.63947,0.6,0.801988,1,10.4471,1,1.76253,0.05,0.1,0.058845,0.1796,0.1796,1,3.76033,1,10.1992
00_run3_0_iter-2,15,1,13.0479,1,2.29888,0.6,0.258369,0.740647,1,11.7389,1,6.6583,0.05,0.1,0.034751,0.1796,0.1796,1,12.1594,1,13.4938,1,13.0479,1,2.29888,0.6,0.740647,1,11.7389,1,6.6583,0.05,0.1,0.034751,0.1796,0.1796,1,12.1594,1,13.4938
00_run3_0_iter-2,16,1,2.12869,1,4.87348,0.6,0.204251,0.668542,1,9.60137,1,4.87243,0.05,0.1,0.13316,0.1796,0.1796,1,9.04455,1,13.5206,1,2.12869,1,4.87348,0.6,0.668542,1,9.60137,1,4.87243,0.05,0.1,0.13316,0.1796,0.1796,1,9.04455,1,13.5206
00_run3_0_iter-2,17,1,1.81509,1,0.998243,0.6,0.266529,0.863027,1,14.1368,1,7.73414,0.05,0.1,0.0396394,0.1796,0.1796,1,10.7619,1,7.56652,1,1.81509,1,0.998243,0.6,0.863027,1,14.1368,1,7.73414,0.05,0.1,0.0396394,0.1796,0.1796,1,10.7619,1,7.56652
00_run3_0_iter-2,18,1,14.9831,1,1.89951,0.6,0.143726,0.484673,1,3.71689,1,12.477,0.05,0.1,0.193058,0.1796,0.1796,1,11.2447,1,7.81386,1,14.9831,1,1.89951,0.6,0.484673,1,3.71689,1,12.477,0.05,0.1,0.193058,0.1796,0.1796,1,11.2447,1,7.81386
00_run3_0_iter-2,19,1,2.19059,1,1.18364,0.6,0.343837,0.787632,1,6.81007,1,13.9091,0.05,0.1,0.160031,0.1796,0.1796,1,4.28855,1,8.59583,1,2.19059,1,1.18364,0.6,0.787632,1,6.81007,1,13.9091,0.05,0.1,0.160031,0.1796,0.1796,1,4.28855,1,8.59583
00_run3_0_iter-2,21,1,9.47876,1,6.5034,0.6,0.290485,0.702624,1,7.92941,1,2.82694,0.05,0.1,0.0282947,0.1796,0.1796,1,3.7746,1,13.7824,1,9.47876,1,6.5034,0.6,0.702624,1,7.92941,1,2.82694,0.05,0.1,0.0282947,0.1796,0.1796,1,3.7746,1,13.7824
00_run3_0_iter-2,23,1,8.92299,1,11.7059,0.6,0.150778,0.840075,1,4.80605,1,13.3162,0.05,0.1,0.0987416,0.1796,0.1796,1,14.461,1,2.92479,1,8.92299,1,11.7059,0.6,0.840075,1,4.80605,1,13.3162,0.05,0.1,0.0987416,0.1796,0.1796,1,14.461,1,2.92479
00_run3_0_iter-2,24,1,8.96897,1,2.82295,0.6,0.289447,0.798823,1,4.56871,1,1.32735,0.05,0.1,0.149884,0.1796,0.1796,1,1.22815,1,3.41089,1,8.96897,1,2.82295,0.6,0.798823,1,4.56871,1,1.32735,0.05,0.1,0.149884,0.1796,0.1796,1,1.22815,1,3.41089
00_run3_0_iter-2,25,1,9.3204,1,13.8492,0.6,0.214285,0.736865,1,8.26836,1,2.77148,0.05,0.1,0.102906,0.1796,0.1796,1,8.26726,1,9.34129,1,9.3204,1,13.8492,0.6,0.736865,1,8.26836,1,2.77148,0.05,0.1,0.102906,0.1796,0.1796,1,8.26726,1,9.34129
00_run3_0_iter-2,26,1,6.03975,1,3.66965,0.6,0.687704,0.818318,1,10.1453,1,2.11553,0.05,0.1,0.0290966,0.1796,0.1796,1,2.69948,1,8.80347,1,6.03975,1,3.66965,0.6,0.818318,1,10.1453,1,2.11553,0.05,0.1,0.0290966,0.1796,0.1796,1,2.69948,1,8.80347
00_run3_0_iter-2,27,1,6.00893,1,0.407795,0.6,0.317227,0.821012,1,0.487936,1,4.22799,0.05,0.1,0.311211,0.1796,0.1796,1,1.88965,1,3.9886,1,6.00893,1,0.407795,0.6,0.821012,1,0.487936,1,4.22799,0.05,0.1,0.311211,0.1796,0.1796,1,1.88965,1,3.9886
00_run3_0_iter-2,28,1,0.609744,1,6.27661,0.6,0.177003,0.510895,1,7.54606,1,5.05191,0.05,0.1,0.155596,0.1796,0.1796,1,3.68377,1,5.32138,1,0.609744,1,6.27661,0.6,0.510895,1,7.54606,1,5.05191,0.05,0.1,0.155596,0.1796,0.1796,1,3.68377,1,5.32138
00_run3_0_iter-2,29,1,4.79132,1,5.00463,0.6,0.279334,0.859759,1,9.68186,1,11.5544,0.05,0.1,0.098207,0.1796,0.1796,1,7.32309,1,12.712,1,4.79132,1,5.00463,0.6,0.859759,1,9.68186,1,11.5544,0.05,0.1,0.098207,0.1796,0.1796,1,7.32309,1,12.712
00_run3_0_iter-2,30,1,7.57833,1,5.12339,0.6,0.265984,0.921661,1,4.55942,1,1.36451,0.05,0.1,0.165883,0.1796,0.1796,1,13.6233,1,3.29289,1,7.57833,1,5.12339,0.6,0.921661,1,4.55942,1,1.36451,0.05,0.1,0.165883,0.1796,0.1796,1,13.6233,1,3.29289
00_run3_0_iter-2,31,1,0.491848,1,0.57497,0.6,0.406367,0.8448,1,7.49388,1,5.21015,0.05,0.1,0.177742,0.1796,0.1796,1,12.8026,1,12.5066,1,0.491848,1,0.57497,0.6,0.8448,1,7.49388,1,5.21015,0.05,0.1,0.177742,0.1796,0.1796,1,12.8026,1,12.5066
00_run3_0_iter-2,32,1,2.51938,1,5.79373,0.6,0.123047,0.880274,1,9.39828,1,5.80576,0.05,0.1,0.0120238,0.1796,0.1796,1,3.4823,1,2.9954,1,2.51938,1,5.79373,0.6,0.880274,1,9.39828,1,5.80576,0.05,0.1,0.0120238,0.1796,0.1796,1,3.4823,1,2.9954
00_run3_0_iter-2,33,1,8.4221,1,11.4948,0.6,0.233481,0.971017,1,9.26371,1,3.38211,0.05,0.1,0.0551239,0.1796,0.1796,1,12.5103,1,7.52655,1,8.4221,1,11.4948,0.6,0.971017,1,9.26371,1,3.38211,0.05,0.1,0.0551239,0.1796,0.1796,1,12.5103,1,7.52655
00_run3_0_iter-2,34,1,2.3856,1,13.7859,0.6,0.169238,0.656461,1,11.0741,1,1.66106,0.05,0.1,0.0147778,0.1796,0.1796,1,0.787065,1,10.2067,1,2.3856,1,13.7859,0.6,0.656461,1,11.0741,1,1.66106,0.05,0.1,0.0147778,0.1796,0.1796,1,0.787065,1,10.2067
00_run3_0_iter-2,36,1,1.06453,1,1.62017,0.6,0.310117,0.893549,1,6.33939,1,3.06246,0.05,0.1,0.18282,0.1796,0.1796,1,14.2032,1,2.95106,1,1.06453,1,1.62017,0.6,0.893549,1,6.33939,1,3.06246,0.05,0.1,0.18282,0.1796,0.1796,1,14.2032,1,2.95106
00_run3_0_iter-2,37,1,1.86913,1,0.918371,0.6,0.118166,0.656139,1,6.55162,1,6.17713,0.05,0.1,0.0290553,0.1796,0.1796,1,8.56669,1,10.2096,1,1.86913,1,0.918371,0.6,0.656139,1,6.55162,1,6.17713,0.05,0.1,0.0290553,0.1796,0.1796,1,8.56669,1,10.2096
00_run3_0_iter-2,38,1,2.42311,1,0.391208,0.6,0.152663,0.64882,1,4.98232,1,3.54978,0.05,0.1,0.182835,0.1796,0.1796,1,13.6711,1,14.1855,1,2.42311,1,0.391208,0.6,0.64882,1,4.98232,1,3.54978,0.05,0.1,0.182835,0.1796,0.1796,1,13.6711,1,14.1855
00_run3_0_iter-2,40,1,6.41465,1,4.01638,0.6,0.234492,0.902715,1,7.91975,1,5.24512,0.05,0.1,0.0180581,0.1796,0.1796,1,8.40874,1,5.16188,1,6.41465,1,4.01638,0.6,0.902715,1,7.91975,1,5.24512,0.05,0.1,0.0180581,0.1796,0.1796,1,8.40874,1,5.16188
00_run3_0_iter-2,41,1,0.497142,1,1.41756,0.6,0.328118,0.992411,1,5.71426,1,5.20842,0.05,0.1,0.153568,0.1796,0.1796,1,0.749715,1,6.36187,1,0.497142,1,1.41756,0.6,0.992411,1,5.71426,1,5.20842,0.05,0.1,0.153568,0.1796,0.1796,1,0.749715,1,6.36187
00_run3_0_iter-2,42,1,10.5127,1,12.9911,0.6,0.553696,0.97524,1,10.9338,1,2.87874,0.05,0.1,0.0469592,0.1796,0.1796,1,7.66312,1,6.00285,1,10.5127,1,12.9911,0.6,0.97524,1,10.9338,1,2.87874,0.05,0.1,0.0469592,0.1796,0.1796,1,7.66312,1,6.00285
00_run3_0_iter-2,43,1,5.34719,1,5.4618,0.6,0.241742,0.784302,1,8.01845,1,5.66742,0.05,0.1,0.0799716,0.1796,0.1796,1,8.71945,1,10.0246,1,5.34719,1,5.4618,0.6,0.784302,1,8.01845,1,5.66742,0.05,0.1,0.0799716,0.1796,0.1796,1,8.71945,1,10.0246
00_run3_0_iter-2,44,1,4.9576,1,3.19492,0.6,0.272213,0.738481,1,11.0998,1,2.03194,0.05,0.1,0.0744566,0.1796,0.1796,1,11.95,1,11.3619,1,4.9576,1,3.19492,0.6,0.738481,1,11.0998,1,2.03194,0.05,0.1,0.0744566,0.1796,0.1796,1,11.95,1,11.3619
00_run3_0_iter-2,45,1,2.32488,1,13.6807,0.6,0.24177,0.720834,1,9.94793,1,6.94111,0.05,0.1,0.135382,0.1796,0.1796,1,14.5252,1,14.1196,1,2.32488,1,13.6807,0.6,0.720834,1,9.94793,1,6.94111,0.05,0.1,0.135382,0.1796,0.1796,1,14.5252,1,14.1196
00_run3_0_iter-2,46,1,11.992,1,11.6523,0.6,0.81151,0.930033,1,5.98006,1,14.2404,0.05,0.1,0.156902,0.1796,0.1796,1,14.2883,1,12.5229,1,11.992,1,11.6523,0.6,0.930033,1,5.98006,1,14.2404,0.05,0.1,0.156902,0.1796,0.1796,1,14.2883,1,12.5229
00_run3_0_iter-2,47,1,3.12261,1,7.46556,0.6,0.144149,0.544839,1,7.29966,1,6.47126,0.05,0.1,0.0974389,0.1796,0.1796,1,6.7235,1,12.2768,1,3.12261,1,7.46556,0.6,0.544839,1,7.29966,1,6.47126,0.05,0.1,0.0974389,0.1796,0.1796,1,6.7235,1,12.2768
00_run3_0_iter-2,48,1,5.63318,1,6.89183,0.6,0.306261,0.853862,1,7.16687,1,7.68974,0.05,0.1,0.0825113,0.1796,0.1796,1,6.396,1,12.5451,1,5.63318,1,6.89183,0.6,0.853862,1,7.16687,1,7.68974,0.05,0.1,0.0825113,0.1796,0.1796,1,6.396,1,12.5451
00_run3_0_iter-2,49,1,9.73258,1,3.64706,0.6,0.410684,0.840503,1,8.75266,1,13.2034,0.05,0.1,0.191006,0.1796,0.1796,1,14.1703,1,14.5378,1,9.73258,1,3.64706,0.6,0.840503,1,8.75266,1,13.2034,0.05,0.1,0.191006,0.1796,0.1796,1,14.1703,1,14.5378
00_run3_0_iter-2,51,1,5.06654,1,5.69974,0.6,0.391647,0.778972,1,6.78786,1,4.5168,0.05,0.1,0.0719849,0.1796,0.1796,1,1.18132,1,13.8807,1,5.06654,1,5.69974,0.6,0.778972,1,6.78786,1,4.5168,0.05,0.1,0.0719849,0.1796,0.1796,1,1.18132,1,13.8807
00_run3_0_iter-2,52,1,7.47403,1,7.46328,0.6,0.265537,0.983088,1,6.15747,1,4.27082,0.05,0.1,0.104842,0.1796,0.1796,1,3.39879,1,5.87623,1,7.47403,1,7.46328,0.6,0.983088,1,6.15747,1,4.27082,0.05,0.1,0.104842,0.1796,0.1796,1,3.39879,1,5.87623
00_run3_0_iter-2,53,1,10.6046,1,1.72675,0.6,0.50335,0.637535,1,8.01242,1,1.81903,0.05,0.1,0.339658,0.1796,0.1796,1,14.7681,1,13.2209,1,10.6046,1,1.72675,0.6,0.637535,1,8.01242,1,1.81903,0.05,0.1,0.339658,0.1796,0.1796,1,14.7681,1,13.2209
00_run3_0_iter-2,54,1,8.52039,1,11.9599,0.6,0.377992,0.92207,1,8.91308,1,3.36383,0.05,0.1,0.0561283,0.1796,0.1796,1,5.48475,1,7.46768,1,8.52039,1,11.9599,0.6,0.92207,1,8.91308,1,3.36383,0.05,0.1,0.0561283,0.1796,0.1796,1,5.48475,1,7.46768
00_run3_0_iter-2,55,1,4.12014,1,11.9861,0.6,0.593412,0.94042,1,11.8363,1,7.5895,0.05,0.1,0.0715822,0.1796,0.1796,1,14.948,1,12.9157,1,4.12014,1,11.9861,0.6,0.94042,1,11.8363,1,7.5895,0.05,0.1,0.0715822,0.1796,0.1796,1,14.948,1,12.9157
00_run3_0_iter-2,56,1,1.03892,1,1.02789,0.6,0.372787,0.988507,1,14.0261,1,1.0132,0.05,0.1,0.021973,0.1796,0.1796,1,2.88342,1,2.36569,1,1.03892,1,1.02789,0.6,0.988507,1,14.0261,1,1.0132,0.05,0.1,0.021973,0.1796,0.1796,1,2.88342,1,2.36569
00_run3_0_iter-2,57,1,5.59666,1,5.25253,0.6,0.359368,0.770944,1,7.50479,1,4.91897,0.05,0.1,0.117188,0.1796,0.1796,1,8.15357,1,11.1282,1,5.59666,1,5.25253,0.6,0.770944,1,7.50479,1,4.91897,0.05,0.1,0.117188,0.1796,0.1796,1,8.15357,1,11.1282
00_run3_0_iter-2,58,1,12.2375,1,2.40513,0.6,0.545973,0.924871,1,2.98595,1,7.30169,0.05,0.1,0.283525,0.1796,0.1796,1,7.38315,1,2.70379,1,12.2375,1,2.40513,0.6,0.924871,1,2.98595,1,7.30169,0.05,0.1,0.283525,0.1796,0.1796,1,7.38315,1,2.70379
00_run3_0_iter-2,60,1,0.517693,1,2.72257,0.6,0.65311,0.912946,1,1.93379,1,5.88413,0.05,0.1,0.23853,0.1796,0.1796,1,14.5171,1,9.18677,1,0.517693,1,2.72257,0.6,0.912946,1,1.93379,1,5.88413,0.05,0.1,0.23853,0.1796,0.1796,1,14.5171,1,9.18677
00_run3_0_iter-2,61,1,6.26127,1,7.00751,0.6,0.430439,0.936667,1,4.99718,1,3.19547,0.05,0.1,0.147587,0.1796,0.1796,1,2.87255,1,7.13327,1,6.26127,1,7.00751,0.6,0.936667,1,4.99718,1,3.19547,0.05,0.1,0.147587,0.1796,0.1796,1,2.87255,1,7.13327
00_run3_0_iter-2,62,1,11.9062,1,9.46676,0.6,0.318286,0.761591,1,13.3222,1,2.03032,0.05,0.1,0.0480441,0.1796,0.1796,1,14.2397,1,10.566,1,11.9062,1,9.46676,0.6,0.761591,1,13.3222,1,2.03032,0.05,0.1,0.0480441,0.1796,0.1796,1,14.2397,1,10.566
00_run3_0_iter-2,63,1,14.8557,1,0.196892,0.6,0.190611,0.813577,1,6.72007,1,3.87409,0.05,0.1,0.126685,0.1796,0.1796,1,11.4983,1,14.2493,1,14.8557,1,0.196892,0.6,0.813577,1,6.72007,1,3.87409,0.05,0.1,0.126685,0.1796,0.1796,1,11.4983,1,14.2493
00_run3_0_iter-2,64,1,2.44102,1,8.81384,0.6,0.240317,0.787219,1,7.42723,1,8.98716,0.05,0.1,0.112805,0.1796,0.1796,1,1.37912,1,13.3774,1,2.44102,1,8.81384,0.6,0.787219,1,7.42723,1,8.98716,0.05,0.1,0.112805,0.1796,0.1796,1,1.37912,1,13.3774
00_run3_0_iter-2,65,1,10.8407,1,1.20067,0.6,0.180582,0.614891,1,4.93962,1,7.49189,0.05,0.1,0.333241,0.1796,0.1796,1,11.4631,1,6.93567,1,10.8407,1,1.20067,0.6,0.614891,1,4.93962,1,7.49189,0.05,0.1,0.333241,0.1796,0.1796,1,11.4631,1,6.93567
00_run3_0_iter-2,66,1,6.28754,1,0.759195,0.6,0.137971,0.885457,1,6.46519,1,10.1002,0.05,0.1,0.109908,0.1796,0.1796,1,4.81163,1,8.16249,1,6.28754,1,0.759195,0.6,0.885457,1,6.46519,1,10.1002,0.05,0.1,0.109908,0.1796,0.1796,1,4.81163,1,8.16249
00_run3_0_iter-2,67,1,9.17213,1,2.87602,0.6,0.146964,0.754358,1,3.01874,1,1.37912,0.05,0.1,0.168538,0.1796,0.1796,1,2.24279,1,4.48604,1,9.17213,1,2.87602,0.6,0.754358,1,3.01874,1,1.37912,0.05,0.1,0.168538,0.1796,0.1796,1,2.24279,1,4.48604
00_run3_0_iter-2,68,1,2.04287,1,4.80343,0.6,0.532132,0.962953,1,12.7218,1,12.3811,0.05,0.1,0.108107,0.1796,0.1796,1,12.5245,1,8.89604,1,2.04287,1,4.80343,0.6,0.962953,1,12.7218,1,12.3811,0.05,0.1,0.108107,0.1796,0.1796,1,12.5245,1,8.89604
00_run3_0_iter-2,71,1,11.001,1,9.60651,0.6,0.139143,0.508117,1,4.16276,1,9.1776,0.05,0.1,0.217224,0.1796,0.1796,1,11.4935,1,13.4822,1,11.001,1,9.60651,0.6,0.508117,1,4.16276,1,9.1776,0.05,0.1,0.217224,0.1796,0.1796,1,11.4935,1,13.4822
00_run3_0_iter-2,73,1,4.17403,1,0.967246,0.6,0.208951,0.777138,1,10.5053,1,3.65991,0.05,0.1,0.0118352,0.1796,0.1796,1,12.2322,1,10.1408,1,4.17403,1,0.967246,0.6,0.777138,1,10.5053,1,3.65991,0.05,0.1,0.0118352,0.1796,0.1796,1,12.2322,1,10.1408
00_run3_0_iter-2,74,1,9.6429,1,0.212763,0.6,0.138173,0.393041,1,10.3734,1,3.1786,0.05,0.1,0.126213,0.1796,0.1796,1,11.4327,1,9.97734,1,9.6429,1,0.212763,0.6,0.393041,1,10.3734,1,3.1786,0.05,0.1,0.126213,0.1796,0.1796,1,11.4327,1,9.97734
00_run3_0_iter-2,75,1,14.375,1,6.16375,0.6,0.693919,0.98132,1,9.78083,1,1.18063,0.05,0.1,0.0911992,0.1796,0.1796,1,11.6628,1,10.7078,1,14.375,1,6.16375,0.6,0.98132,1,9.78083,1,1.18063,0.05,0.1,0.0911992,0.1796,0.1796,1,11.6628,1,10.7078
00_run3_0_iter-2,77,1,8.4916,1,10.9276,0.6,0.124937,0.483325,1,0.126807,1,5.75018,0.05,0.1,0.27479,0.1796,0.1796,1,4.71672,1,4.25587,1,8.4916,1,10.9276,0.6,0.483325,1,0.126807,1,5.75018,0.05,0.1,0.27479,0.1796,0.1796,1,4.71672,1,4.25587
00_run3_0_iter-2,78,1,10.6838,1,9.55235,0.6,0.254412,0.815479,1,11.0811,1,2.2883,0.05,0.1,0.0494998,0.1796,0.1796,1,10.1549,1,7.84577,1,10.6838,1,9.55235,0.6,0.815479,1,11.0811,1,2.2883,0.05,0.1,0.0494998,0.1796,0.1796,1,10.1549,1,7.84577
00_run3_0_iter-2,79,1,12.8102,1,3.32228,0.6,0.149787,0.944357,1,5.22184,1,1.47511,0.05,0.1,0.0698005,0.1796,0.1796,1,4.75581,1,2.95955,1,12.8102,1,3.32228,0.6,0.944357,1,5.22184,1,1.47511,0.05,0.1,0.0698005,0.1796,0.1796,1,4.75581,1,2.95955
00_run3_0_iter-2,80,1,4.80189,1,2.58355,0.6,0.626618,0.995002,1,10.1302,1,11.2294,0.05,0.1,0.167234,0.1796,0.1796,1,13.8906,1,7.49776,1,4.80189,1,2.58355,0.6,0.995002,1,10.1302,1,11.2294,0.05,0.1,0.167234,0.1796,0.1796,1,13.8906,1,7.49776
00_run3_0_iter-2,81,1,5.56226,1,3.72567,0.6,0.185395,0.66091,1,2.33496,1,5.21177,0.05,0.1,0.283353,0.1796,0.1796,1,7.27588,1,3.85502,1,5.56226,1,3.72567,0.6,0.66091,1,2.33496,1,5.21177,0.05,0.1,0.283353,0.1796,0.1796,1,7.27588,1,3.85502
00_run3_0_iter-2,82,1,4.61771,1,7.77041,0.6,0.335887,0.71715,1,7.81675,1,7.88137,0.05,0.1,0.11767,0.1796,0.1796,1,4.6035,1,14.2504,1,4.61771,1,7.77041,0.6,0.71715,1,7.81675,1,7.88137,0.05,0.1,0.11767,0.1796,0.1796,1,4.6035,1,14.2504
00_run3_0_iter-2,83,1,5.64036,1,5.55132,0.6,0.239807,0.653204,1,4.88351,1,11.7383,0.05,0.1,0.160202,0.1796,0.1796,1,1.71224,1,11.6933,1,5.64036,1,5.55132,0.6,0.653204,1,4.88351,1,11.7383,0.05,0.1,0.160202,0.1796,0.1796,1,1.71224,1,11.6933
00_run3_0_iter-2,84,1,0.117336,1,0.590717,0.6,0.109143,0.498742,1,9.26361,1,7.55751,0.05,0.1,0.0990608,0.1796,0.1796,1,12.598,1,7.6399,1,0.117336,1,0.590717,0.6,0.498742,1,9.26361,1,7.55751,0.05,0.1,0.0990608,0.1796,0.1796,1,12.598,1,7.6399
00_run3_0_iter-2,85,1,11.1819,1,6.12584,0.6,0.103234,0.415024,1,9.87461,1,3.22987,0.05,0.1,0.00481925,0.1796,0.1796,1,3.30623,1,14.6747,1,11.1819,1,6.12584,0.6,0.415024,1,9.87461,1,3.22987,0.05,0.1,0.00481925,0.1796,0.1796,1,3.30623,1,14.6747
00_run3_0_iter-2,87,1,3.37252,1,5.78665,0.6,0.136983,0.481708,1,6.73262,1,8.46237,0.05,0.1,0.13684,0.1796,0.1796,1,13.7236,1,8.64911,1,3.37252,1,5.78665,0.6,0.481708,1,6.73262,1,8.46237,0.05,0.1,0.13684,0.1796,0.1796,1,13.7236,1,8.64911
00_run3_0_iter-2,88,1,1.01261,1,9.68752,0.6,0.204217,0.744087,1,10.8966,1,0.322278,0.05,0.1,0.089029,0.1796,0.1796,1,12.0421,1,11.3115,1,1.01261,1,9.68752,0.6,0.744087,1,10.8966,1,0.322278,0.05,0.1,0.089029,0.1796,0.1796,1,12.0421,1,11.3115
00_run3_0_iter-2,89,1,3.5715,1,5.73515,0.6,0.312855,0.835956,1,9.87256,1,1.25843,0.05,0.1,0.0608486,0.1796,0.1796,1,8.03824,1,11.4239,1,3.5715,1,5.73515,0.6,0.835956,1,9.87256,1,1.25843,0.05,0.1,0.0608486,0.1796,0.1796,1,8.03824,1,11.4239
00_run3_0_iter-2,90,1,4.75663,1,0.603365,0.6,0.554856,0.938817,1,11.3136,1,5.97293,0.05,0.1,0.0801731,0.1796,0.1796,1,10.7755,1,4.17993,1,4.75663,1,0.603365,0.6,0.938817,1,11.3136,1,5.97293,0.05,0.1,0.0801731,0.1796,0.1796,1,10.7755,1,4.17993
00_run3_0_iter-2,91,1,5.93982,1,11.7547,0.6,0.317451,0.863415,1,9.86418,1,3.10166,0.05,0.1,0.0418393,0.1796,0.1796,1,3.14396,1,8.21934,1,5.93982,1,11.7547,0.6,0.863415,1,9.86418,1,3.10166,0.05,0.1,0.0418393,0.1796,0.1796,1,3.14396,1,8.21934
00_run3_0_iter-2,92,1,13.0297,1,12.9094,0.6,0.371252,0.894297,1,10.1166,1,4.57136,0.05,0.1,0.0553178,0.1796,0.1796,1,5.7394,1,14.9115,1,13.0297,1,12.9094,0.6,0.894297,1,10.1166,1,4.57136,0.05,0.1,0.0553178,0.1796,0.1796,1,5.7394,1,14.9115
00_run3_0_iter-2,93,1,11.1075,1,2.61981,0.6,0.291697,0.820365,1,4.65173,1,5.92439,0.05,0.1,0.161955,0.1796,0.1796,1,1.57363,1,9.52239,1,11.1075,1,2.61981,0.6,0.820365,1,4.65173,1,5.92439,0.05,0.1,0.161955,0.1796,0.1796,1,1.57363,1,9.52239
00_run3_0_iter-2,95,1,6.01991,1,6.02506,0.6,0.404044,0.988218,1,14.4921,1,4.17209,0.05,0.1,0.0222271,0.1796,0.1796,1,11.4208,1,14.9455,1,6.01991,1,6.02506,0.6,0.988218,1,14.4921,1,4.17209,0.05,0.1,0.0222271,0.1796,0.1796,1,11.4208,1,14.9455
00_run3_0_iter-2,96,1,0.203378,1,1.04445,0.6,0.139413,0.508889,1,9.71084,1,9.65359,0.05,0.1,0.106794,0.1796,0.1796,1,5.0352,1,12.0097,1,0.203378,1,1.04445,0.6,0.508889,1,9.71084,1,9.65359,0.05,0.1,0.106794,0.1796,0.1796,1,5.0352,1,12.0097
00_run3_0_iter-2,97,1,6.96348,1,11.8705,0.6,0.776845,0.980099,1,11.4199,1,4.03765,0.05,0.1,0.0174468,0.1796,0.1796,1,4.93198,1,8.3564,1,6.96348,1,11.8705,0.6,0.980099,1,11.4199,1,4.03765,0.05,0.1,0.0174468,0.1796,0.1796,1,4.93198,1,8.3564
00_run3_0_iter-2,98,1,0.501927,1,4.65921,0.6,0.137638,0.394236,1,8.7375,1,8.91082,0.05,0.1,0.147281,0.1796,0.1796,1,7.24276,1,8.53935,1,0.501927,1,4.65921,0.6,0.394236,1,8.7375,1,8.91082,0.05,0.1,0.147281,0.1796,0.1796,1,7.24276,1,8.53935
00_run3_0_iter-2,99,1,8.49847,1,5.83459,0.6,0.305899,0.995846,1,8.82783,1,3.34356,0.05,0.1,0.102322,0.1796,0.1796,1,8.86214,1,6.06954,1,8.49847,1,5.83459,0.6,0.995846,1,8.82783,1,3.34356,0.05,0.1,0.102322,0.1796,0.1796,1,8.86214,1,6.06954
00_run3_0_iter-3,0,1,4.14379,1,7.83723,0.6,0.252957,0.76987,1,2.02861,1,12.837,0.05,0.1,0.332069,0.1796,0.1796,1,14.4772,1,13.1947,1,4.14379,1,7.83723,0.6,0.76987,1,2.02861,1,12.837,0.05,0.1,0.332069,0.1796,0.1796,1,14.4772,1,13.1947
00_run3_0_iter-3,1,1,6.28095,1,2.43943,0.6,0.448603,0.858075,1,12.6769,1,1.04512,0.05,0.1,0.0248553,0.1796,0.1796,1,12.4759,1,9.73141,1,6.28095,1,2.43943,0.6,0.858075,1,12.6769,1,1.04512,0.05,0.1,0.0248553,0.1796,0.1796,1,12.4759,1,9.73141
00_run3_0_iter-3,3,1,5.53422,1,1.55948,0.6,0.233752,0.703944,1,5.353,1,6.25567,0.05,0.1,0.204363,0.1796,0.1796,1,13.4572,1,11.1124,1,5.53422,1,1.55948,0.6,0.703944,1,5.353,1,6.25567,0.05,0.1,0.204363,0.1796,0.1796,1,13.4572,1,11.1124
00_run3_0_iter-3,4,1,2.47025,1,1.83441,0.6,0.258094,0.482366,1,3.92647,1,1.75513,0.05,0.1,0.322433,0.1796,0.1796,1,0.406636,1,10.8449,1,2.47025,1,1.83441,0.6,0.482366,1,3.92647,1,1.75513,0.05,0.1,0.322433,0.1796,0.1796,1,0.406636,1,10.8449
00_run3_0_iter-3,6,1,2.38937,1,13.0365,0.6,0.381225,0.87539,1,12.7694,1,0.565998,0.05,0.1,0.00112523,0.1796,0.1796,1,10.2089,1,12.4692,1,2.38937,1,13.0365,0.6,0.87539,1,12.7694,1,0.565998,0.05,0.1,0.00112523,0.1796,0.1796,1,10.2089,1,12.4692
00_run3_0_iter-3,7,1,3.30777,1,1.3061,0.6,0.280444,0.789072,1,9.84642,1,5.07431,0.05,0.1,0.0704952,0.1796,0.1796,1,13.8044,1,12.6669,1,3.30777,1,1.3061,0.6,0.789072,1,9.84642,1,5.07431,0.05,0.1,0.0704952,0.1796,0.1796,1,13.8044,1,12.6669
00_run3_0_iter-3,8,1,2.78285,1,2.38535,0.6,0.401737,0.810182,1,8.35404,1,8.23895,0.05,0.1,0.194097,0.1796,0.1796,1,13.8663,1,13.6428,1,2.78285,1,2.38535,0.6,0.810182,1,8.35404,1,8.23895,0.05,0.1,0.194097,0.1796,0.1796,1,13.8663,1,13.6428
00_run3_0_iter-3,9,1,7.09165,1,1.51168,0.6,0.210442,0.632178,1,0.650175,1,6.38451,0.05,0.1,0.253305,0.1796,0.1796,1,3.36057,1,14.7922,1,7.09165,1,1.51168,0.6,0.632178,1,0.650175,1,6.38451,0.05,0.1,0.253305,0.1796,0.1796,1,3.36057,1,14.7922
00_run3_0_iter-3,10,1,5.63709,1,6.66898,0.6,0.159769,0.510744,1,6.37179,1,4.06844,0.05,0.1,0.208508,0.1796,0.1796,1,11.812,1,14.194,1,5.63709,1,6.66898,0.6,0.510744,1,6.37179,1,4.06844,0.05,0.1,0.208508,0.1796,0.1796,1,11.812,1,14.194
00_run3_0_iter-3,12,1,3.21347,1,2.92645,0.6,0.347703,0.955662,1,11.4541,1,3.26787,0.05,0.1,0.0611013,0.1796,0.1796,1,13.9182,1,10.5893,1,3.21347,1,2.92645,0.6,0.955662,1,11.4541,1,3.26787,0.05,0.1,0.0611013,0.1796,0.1796,1,13.9182,1,10.5893
00_run3_0_iter-3,13,1,11.9419,1,1.40489,0.6,0.216451,0.590227,1,5.31268,1,1.6739,0.05,0.1,0.21934,0.1796,0.1796,1,13.8713,1,7.86342,1,11.9419,1,1.40489,0.6,0.590227,1,5.31268,1,1.6739,0.05,0.1,0.21934,0.1796,0.1796,1,13.8713,1,7.86342
00_run3_0_iter-3,14,1,5.85371,1,4.88683,0.6,0.431206,0.827456,1,9.80209,1,0.711508,0.05,0.1,0.0972917,0.1796,0.1796,1,10.0683,1,10.0427,1,5.85371,1,4.88683,0.6,0.827456,1,9.80209,1,0.711508,0.05,0.1,0.0972917,0.1796,0.1796,1,10.0683,1,10.0427
00_run3_0_iter-3,15,1,13.6271,1,2.01719,0.6,0.253471,0.592086,1,11.9709,1,2.57348,0.05,0.1,0.0500083,0.1796,0.1796,1,14.7017,1,14.2742,1,13.6271,1,2.01719,0.6,0.592086,1,11.9709,1,2.57348,0.05,0.1,0.0500083,0.1796,0.1796,1,14.7017,1,14.2742
00_run3_0_iter-3,16,1,3.12708,1,3.62358,0.6,0.25261,0.695274,1,6.2113,1,3.15468,0.05,0.1,0.220008,0.1796,0.1796,1,14.2351,1,13.0473,1,3.12708,1,3.62358,0.6,0.695274,1,6.2113,1,3.15468,0.05,0.1,0.220008,0.1796,0.1796,1,14.2351,1,13.0473
00_run3_0_iter-3,17,1,2.33521,1,0.597805,0.6,0.332571,0.791144,1,13.6435,1,3.71089,0.05,0.1,0.066578,0.1796,0.1796,1,14.505,1,11.2867,1,2.33521,1,0.597805,0.6,0.791144,1,13.6435,1,3.71089,0.05,0.1,0.066578,0.1796,0.1796,1,14.505,1,11.2867
00_run3_0_iter-3,18,1,14.9732,1,1.12617,0.6,0.133401,0.392816,1,4.36289,1,7.73089,0.05,0.1,0.227747,0.1796,0.1796,1,14.5032,1,8.72001,1,14.9732,1,1.12617,0.6,0.392816,1,4.36289,1,7.73089,0.05,0.1,0.227747,0.1796,0.1796,1,14.5032,1,8.72001
00_run3_0_iter-3,19,1,2.31622,1,0.346684,0.6,0.266106,0.617958,1,9.33069,1,9.34499,0.05,0.1,0.19922,0.1796,0.1796,1,13.0942,1,11.0212,1,2.31622,1,0.346684,0.6,0.617958,1,9.33069,1,9.34499,0.05,0.1,0.19922,0.1796,0.1796,1,13.0942,1,11.0212
00_run3_0_iter-3,21,1,8.05598,1,7.30641,0.6,0.250156,0.67175,1,7.29506,1,1.53923,0.05,0.1,0.035464,0.1796,0.1796,1,7.66354,1,13.8205,1,8.05598,1,7.30641,0.6,0.67175,1,7.29506,1,1.53923,0.05,0.1,0.035464,0.1796,0.1796,1,7.66354,1,13.8205
00_run3_0_iter-3,23,1,9.23929,1,3.33808,0.6,0.238274,0.74038,1,6.99557,1,2.41344,0.05,0.1,0.146748,0.1796,0.1796,1,13.9515,1,12.9129,1,9.23929,1,3.33808,0.6,0.74038,1,6.99557,1,2.41344,0.05,0.1,0.146748,0.1796,0.1796,1,13.9515,1,12.9129
00_run3_0_iter-3,24,1,10.0895,1,2.21667,0.6,0.207009,0.630117,1,3.96787,1,0.306079,0.05,0.1,0.173467,0.1796,0.1796,1,5.11686,1,5.80106,1,10.0895,1,2.21667,0.6,0.630117,1,3.96787,1,0.306079,0.05,0.1,0.173467,0.1796,0.1796,1,5.11686,1,5.80106
00_run3_0_iter-3,25,1,10.3315,1,13.6238,0.6,0.290072,0.751548,1,7.14115,1,1.32639,0.05,0.1,0.175659,0.1796,0.1796,1,13.9899,1,9.61632,1,10.3315,1,13.6238,0.6,0.751548,1,7.14115,1,1.32639,0.05,0.1,0.175659,0.1796,0.1796,1,13.9899,1,9.61632
00_run3_0_iter-3,26,1,7.15788,1,1.70968,0.6,0.398384,0.659261,1,9.99124,1,0.450076,0.05,0.1,0.038628,0.1796,0.1796,1,6.35351,1,8.71387,1,7.15788,1,1.70968,0.6,0.659261,1,9.99124,1,0.450076,0.05,0.1,0.038628,0.1796,0.1796,1,6.35351,1,8.71387
00_run3_0_iter-3,27,1,6.35008,1,0.562287,0.6,0.291543,0.744752,1,0.300854,1,2.59037,0.05,0.1,0.347993,0.1796,0.1796,1,4.84733,1,6.49146,1,6.35008,1,0.562287,0.6,0.744752,1,0.300854,1,2.59037,0.05,0.1,0.347993,0.1796,0.1796,1,4.84733,1,6.49146
00_run3_0_iter-3,28,1,0.706543,1,4.96773,0.6,0.16814,0.324988,1,7.4929,1,1.79293,0.05,0.1,0.192235,0.1796,0.1796,1,9.17016,1,12.1068,1,0.706543,1,4.96773,0.6,0.324988,1,7.4929,1,1.79293,0.05,0.1,0.192235,0.1796,0.1796,1,9.17016,1,12.1068
00_run3_0_iter-3,29,1,5.06834,1,3.7118,0.6,0.376887,0.79052,1,8.86458,1,7.37468,0.05,0.1,0.137634,0.1796,0.1796,1,13.5384,1,14.2098,1,5.06834,1,3.7118,0.6,0.79052,1,8.86458,1,7.37468,0.05,0.1,0.137634,0.1796,0.1796,1,13.5384,1,14.2098
00_run3_0_iter-3,30,1,5.58388,1,3.63912,0.6,0.290699,0.871344,1,7.36361,1,0.272621,0.05,0.1,0.180154,0.1796,0.1796,1,14.843,1,6.36639,1,5.58388,1,3.63912,0.6,0.871344,1,7.36361,1,0.272621,0.05,0.1,0.180154,0.1796,0.1796,1,14.843,1,6.36639
00_run3_0_iter-3,31,1,0.326507,1,0.345492,0.6,0.263247,0.730918,1,10.1386,1,1.0861,0.05,0.1,0.173564,0.1796,0.1796,1,14.2024,1,12.9849,1,0.326507,1,0.345492,0.6,0.730918,1,10.1386,1,1.0861,0.05,0.1,0.173564,0.1796,0.1796,1,14.2024,1,12.9849
00_run3_0_iter-3,32,1,5.4992,1,3.54742,0.6,0.233061,0.713397,1,8.1232,1,1.38388,0.05,0.1,0.122931,0.1796,0.1796,1,12.9155,1,12.1221,1,5.4992,1,3.54742,0.6,0.713397,1,8.1232,1,1.38388,0.05,0.1,0.122931,0.1796,0.1796,1,12.9155,1,12.1221
00_run3_0_iter-3,33,1,8.67255,1,11.4338,0.6,0.333561,0.96705,1,9.18018,1,1.66056,0.05,0.1,0.088272,0.1796,0.1796,1,14.724,1,9.3399,1,8.67255,1,11.4338,0.6,0.96705,1,9.18018,1,1.66056,0.05,0.1,0.088272,0.1796,0.1796,1,14.724,1,9.3399
00_run3_0_iter-3,34,1,2.31378,1,13.1832,0.6,0.395997,0.593546,1,10.7246,1,0.556589,0.05,0.1,0.0333434,0.1796,0.1796,1,7.42122,1,14.0762,1,2.31378,1,13.1832,0.6,0.593546,1,10.7246,1,0.556589,0.05,0.1,0.0333434,0.1796,0.1796,1,7.42122,1,14.0762
00_run3_0_iter-3,36,1,1.51141,1,1.19034,0.6,0.218604,0.77637,1,6.11689,1,0.989261,0.05,0.1,0.206416,0.1796,0.1796,1,14.6685,1,6.45137,1,1.51141,1,1.19034,0.6,0.77637,1,6.11689,1,0.989261,0.05,0.1,0.206416,0.1796,0.1796,1,14.6685,1,6.45137
00_run3_0_iter-3,37,1,2.00612,1,1.51684,0.6,0.197477,0.711578,1,7.79653,1,3.57291,0.05,0.1,0.059468,0.1796,0.1796,1,13.6281,1,11.5535,1,2.00612,1,1.51684,0.6,0.711578,1,7.79653,1,3.57291,0.05,0.1,0.059468,0.1796,0.1796,1,13.6281,1,11.5535
00_run3_0_iter-3,38,1,0.740048,1,3.22208,0.6,0.22198,0.663491,1,7.24161,1,3.21659,0.05,0.1,0.14957,0.1796,0.1796,1,13.718,1,13.6379,1,0.740048,1,3.22208,0.6,0.663491,1,7.24161,1,3.21659,0.05,0.1,0.14957,0.1796,0.1796,1,13.718,1,13.6379
00_run3_0_iter-3,40,1,5.39722,1,3.7395,0.6,0.266953,0.774907,1,10.7564,1,1.87167,0.05,0.1,0.0236522,0.1796,0.1796,1,13.8566,1,11.9737,1,5.39722,1,3.7395,0.6,0.774907,1,10.7564,1,1.87167,0.05,0.1,0.0236522,0.1796,0.1796,1,13.8566,1,11.9737
00_run3_0_iter-3,41,1,0.605377,1,0.711301,0.6,0.333463,0.978891,1,7.67242,1,1.28981,0.05,0.1,0.181472,0.1796,0.1796,1,3.4662,1,9.6027,1,0.605377,1,0.711301,0.6,0.978891,1,7.67242,1,1.28981,0.05,0.1,0.181472,0.1796,0.1796,1,3.4662,1,9.6027
00_run3_0_iter-3,42,1,10.348,1,10.7763,0.6,0.276658,0.923025,1,9.77083,1,0.767621,0.05,0.1,0.0552219,0.1796,0.1796,1,11.145,1,7.97555,1,10.348,1,10.7763,0.6,0.923025,1,9.77083,1,0.767621,0.05,0.1,0.0552219,0.1796,0.1796,1,11.145,1,7.97555
00_run3_0_iter-3,43,1,7.99057,1,4.38064,0.6,0.356631,0.759718,1,8.51702,1,2.55728,0.05,0.1,0.148636,0.1796,0.1796,1,13.8678,1,11.7561,1,7.99057,1,4.38064,0.6,0.759718,1,8.51702,1,2.55728,0.05,0.1,0.148636,0.1796,0.1796,1,13.8678,1,11.7561
00_run3_0_iter-3,44,1,5.19111,1,3.77997,0.6,0.262076,0.672528,1,8.9062,1,1.31083,0.05,0.1,0.0999416,0.1796,0.1796,1,13.9413,1,12.9326,1,5.19111,1,3.77997,0.6,0.672528,1,8.9062,1,1.31083,0.05,0.1,0.0999416,0.1796,0.1796,1,13.9413,1,12.9326
00_run3_0_iter-3,45,1,2.78604,1,13.2264,0.6,0.225767,0.61795,1,8.31398,1,3.41119,0.05,0.1,0.179923,0.1796,0.1796,1,14.9741,1,14.3763,1,2.78604,1,13.2264,0.6,0.61795,1,8.31398,1,3.41119,0.05,0.1,0.179923,0.1796,0.1796,1,14.9741,1,14.3763
00_run3_0_iter-3,46,1,10.1071,1,9.19165,0.6,0.394862,0.807992,1,9.84158,1,9.59817,0.05,0.1,0.126888,0.1796,0.1796,1,14.5777,1,12.9541,1,10.1071,1,9.19165,0.6,0.807992,1,9.84158,1,9.59817,0.05,0.1,0.126888,0.1796,0.1796,1,14.5777,1,12.9541
00_run3_0_iter-3,47,1,2.83523,1,6.60086,0.6,0.251648,0.576444,1,8.33885,1,3.05398,0.05,0.1,0.140713,0.1796,0.1796,1,11.9531,1,13.6663,1,2.83523,1,6.60086,0.6,0.576444,1,8.33885,1,3.05398,0.05,0.1,0.140713,0.1796,0.1796,1,11.9531,1,13.6663
00_run3_0_iter-3,48,1,6.80466,1,4.75882,0.6,0.261678,0.742718,1,7.60098,1,2.57833,0.05,0.1,0.108661,0.1796,0.1796,1,12.461,1,13.2217,1,6.80466,1,4.75882,0.6,0.742718,1,7.60098,1,2.57833,0.05,0.1,0.108661,0.1796,0.1796,1,12.461,1,13.2217
00_run3_0_iter-3,49,1,10.2779,1,1.59535,0.6,0.305372,0.754752,1,6.8042,1,9.90096,0.05,0.1,0.235077,0.1796,0.1796,1,14.8965,1,14.7148,1,10.2779,1,1.59535,0.6,0.754752,1,6.8042,1,9.90096,0.05,0.1,0.235077,0.1796,0.1796,1,14.8965,1,14.7148
00_run3_0_iter-3,51,1,5.78016,1,3.99521,0.6,0.29118,0.651304,1,6.85309,1,1.39125,0.05,0.1,0.0930679,0.1796,0.1796,1,4.8979,1,14.2956,1,5.78016,1,3.99521,0.6,0.651304,1,6.85309,1,1.39125,0.05,0.1,0.0930679,0.1796,0.1796,1,4.8979,1,14.2956
00_run3_0_iter-3,52,1,8.55099,1,4.54108,0.6,0.370937,0.954148,1,7.97089,1,0.863481,0.05,0.1,0.165216,0.1796,0.1796,1,12.9369,1,12.0432,1,8.55099,1,4.54108,0.6,0.954148,1,7.97089,1,0.863481,0.05,0.1,0.165216,0.1796,0.1796,1,12.9369,1,12.0432
00_run3_0_iter-3,53,1,7.94392,1,1.31582,0.6,0.408377,0.671396,1,3.67325,1,2.35042,0.05,0.1,0.374926,0.1796,0.1796,1,14.8842,1,13.8092,1,7.94392,1,1.31582,0.6,0.671396,1,3.67325,1,2.35042,0.05,0.1,0.374926,0.1796,0.1796,1,14.8842,1,13.8092
00_run3_0_iter-3,54,1,7.62292,1,9.55124,0.6,0.401619,0.844199,1,11.1036,1,0.601656,0.05,0.1,0.0714173,0.1796,0.1796,1,11.8002,1,12.5279,1,7.62292,1,9.55124,0.6,0.844199,1,11.1036,1,0.601656,0.05,0.1,0.0714173,0.1796,0.1796,1,11.8002,1,12.5279
00_run3_0_iter-3,55,1,5.23066,1,11.0541,0.6,0.349728,0.819525,1,12.7808,1,3.32564,0.05,0.1,0.0790979,0.1796,0.1796,1,14.99,1,14.3714,1,5.23066,1,11.0541,0.6,0.819525,1,12.7808,1,3.32564,0.05,0.1,0.0790979,0.1796,0.1796,1,14.99,1,14.3714
00_run3_0_iter-3,56,1,0.984136,1,0.964204,0.6,0.351648,0.979198,1,12.6586,1,0.532772,0.05,0.1,0.0310045,0.1796,0.1796,1,6.30487,1,4.08976,1,0.984136,1,0.964204,0.6,0.979198,1,12.6586,1,0.532772,0.05,0.1,0.0310045,0.1796,0.1796,1,6.30487,1,4.08976
00_run3_0_iter-3,57,1,5.281,1,3.46378,0.6,0.318237,0.639235,1,10.0244,1,1.14887,0.05,0.1,0.128086,0.1796,0.1796,1,11.9108,1,13.5142,1,5.281,1,3.46378,0.6,0.639235,1,10.0244,1,1.14887,0.05,0.1,0.128086,0.1796,0.1796,1,11.9108,1,13.5142
00_run3_0_iter-3,58,1,12.6872,1,2.11304,0.6,0.381285,0.790492,1,2.96364,1,3.66539,0.05,0.1,0.303402,0.1796,0.1796,1,10.5431,1,7.60301,1,12.6872,1,2.11304,0.6,0.790492,1,2.96364,1,3.66539,0.05,0.1,0.303402,0.1796,0.1796,1,10.5431,1,7.60301
00_run3_0_iter-3,60,1,1.10575,1,1.40651,0.6,0.191785,0.635735,1,3.13437,1,0.909939,0.05,0.1,0.231209,0.1796,0.1796,1,14.8635,1,10.8402,1,1.10575,1,1.40651,0.6,0.635735,1,3.13437,1,0.909939,0.05,0.1,0.231209,0.1796,0.1796,1,14.8635,1,10.8402
00_run3_0_iter-3,61,1,5.6716,1,5.32092,0.6,0.40805,0.880106,1,8.20152,1,0.461109,0.05,0.1,0.156377,0.1796,0.1796,1,8.78508,1,8.06772,1,5.6716,1,5.32092,0.6,0.880106,1,8.20152,1,0.461109,0.05,0.1,0.156377,0.1796,0.1796,1,8.78508,1,8.06772
00_run3_0_iter-3,62,1,11.6555,1,8.19714,0.6,0.339507,0.686236,1,13.7145,1,0.550613,0.05,0.1,0.0656185,0.1796,0.1796,1,14.9166,1,12.4553,1,11.6555,1,8.19714,0.6,0.686236,1,13.7145,1,0.550613,0.05,0.1,0.0656185,0.1796,0.1796,1,14.9166,1,12.4553
00_run3_0_iter-3,63,1,13.7506,1,1.64648,0.6,0.271151,0.823277,1,9.34364,1,3.67921,0.05,0.1,0.0959947,0.1796,0.1796,1,13.8825,1,13.0323,1,13.7506,1,1.64648,0.6,0.823277,1,9.34364,1,3.67921,0.05,0.1,0.0959947,0.1796,0.1796,1,13.8825,1,13.0323
00_run3_0_iter-3,64,1,2.75424,1,4.17009,0.6,0.233217,0.63921,1,5.81352,1,2.58769,0.05,0.1,0.193181,0.1796,0.1796,1,13.8772,1,14.2966,1,2.75424,1,4.17009,0.6,0.63921,1,5.81352,1,2.58769,0.05,0.1,0.193181,0.1796,0.1796,1,13.8772,1,14.2966
00_run3_0_iter-3,65,1,9.38536,1,1.42119,0.6,0.37898,0.750778,1,2.56019,1,6.69455,0.05,0.1,0.407407,0.1796,0.1796,1,14.8018,1,6.68,1,9.38536,1,1.42119,0.6,0.750778,1,2.56019,1,6.69455,0.05,0.1,0.407407,0.1796,0.1796,1,14.8018,1,6.68
00_run3_0_iter-3,66,1,7.58074,1,0.681871,0.6,0.45685,0.895404,1,6.09089,1,6.86035,0.05,0.1,0.213498,0.1796,0.1796,1,13.9516,1,12.136,1,7.58074,1,0.681871,0.6,0.895404,1,6.09089,1,6.86035,0.05,0.1,0.213498,0.1796,0.1796,1,13.9516,1,12.136
00_run3_0_iter-3,67,1,6.83938,1,7.00153,0.6,0.296362,0.784983,1,5.8755,1,0.740912,0.05,0.1,0.186626,0.1796,0.1796,1,7.5219,1,3.94401,1,6.83938,1,7.00153,0.6,0.784983,1,5.8755,1,0.740912,0.05,0.1,0.186626,0.1796,0.1796,1,7.5219,1,3.94401
00_run3_0_iter-3,68,1,3.38009,1,2.65629,0.6,0.314925,0.886708,1,10.7612,1,7.82054,0.05,0.1,0.146865,0.1796,0.1796,1,14.575,1,11.1352,1,3.38009,1,2.65629,0.6,0.886708,1,10.7612,1,7.82054,0.05,0.1,0.146865,0.1796,0.1796,1,14.575,1,11.1352
00_run3_0_iter-3,71,1,11.1543,1,7.63218,0.6,0.206516,0.546101,1,3.9551,1,5.71386,0.05,0.1,0.285089,0.1796,0.1796,1,14.307,1,14.1828,1,11.1543,1,7.63218,0.6,0.546101,1,3.9551,1,5.71386,0.05,0.1,0.285089,0.1796,0.1796,1,14.307,1,14.1828
00_run3_0_iter-3,73,1,3.79421,1,0.914921,0.6,0.314298,0.758733,1,12.1325,1,1.10933,0.05,0.1,0.0209348,0.1796,0.1796,1,14.7018,1,12.3725,1,3.79421,1,0.914921,0.6,0.758733,1,12.1325,1,1.10933,0.05,0.1,0.0209348,0.1796,0.1796,1,14.7018,1,12.3725
00_run3_0_iter-3,74,1,9.40172,1,0.19039,0.6,0.150131,0.392443,1,8.47848,1,2.11401,0.05,0.1,0.16842,0.1796,0.1796,1,13.7862,1,11.4593,1,9.40172,1,0.19039,0.6,0.392443,1,8.47848,1,2.11401,0.05,0.1,0.16842,0.1796,0.1796,1,13.7862,1,11.4593
00_run3_0_iter-3,75,1,14.5221,1,5.7074,0.6,0.456232,0.927749,1,10.1659,1,0.298329,0.05,0.1,0.0901096,0.1796,0.1796,1,12.4473,1,13.4031,1,14.5221,1,5.7074,0.6,0.927749,1,10.1659,1,0.298329,0.05,0.1,0.0901096,0.1796,0.1796,1,12.4473,1,13.4031
00_run3_0_iter-3,77,1,7.41504,1,10.1837,0.6,0.125253,0.35441,1,0.134289,1,2.98341,0.05,0.1,0.292985,0.1796,0.1796,1,9.33132,1,8.76504,1,7.41504,1,10.1837,0.6,0.35441,1,0.134289,1,2.98341,0.05,0.1,0.292985,0.1796,0.1796,1,9.33132,1,8.76504
00_run3_0_iter-3,78,1,11.9164,1,8.69223,0.6,0.293636,0.774537,1,10.1521,1,1.219,0.05,0.1,0.0870248,0.1796,0.1796,1,14.326,1,9.30874,1,11.9164,1,8.69223,0.6,0.774537,1,10.1521,1,1.219,0.05,0.1,0.0870248,0.1796,0.1796,1,14.326,1,9.30874
00_run3_0_iter-3,79,1,12.6995,1,2.88877,0.6,0.359065,0.957239,1,5.86458,1,0.582714,0.05,0.1,0.130131,0.1796,0.1796,1,12.5965,1,5.87811,1,12.6995,1,2.88877,0.6,0.957239,1,5.86458,1,0.582714,0.05,0.1,0.130131,0.1796,0.1796,1,12.5965,1,5.87811
00_run3_0_iter-3,80,1,5.07659,1,1.85516,0.6,0.493134,0.979889,1,10.5801,1,6.82855,0.05,0.1,0.185291,0.1796,0.1796,1,14.7379,1,12.308,1,5.07659,1,1.85516,0.6,0.979889,1,10.5801,1,6.82855,0.05,0.1,0.185291,0.1796,0.1796,1,14.7379,1,12.308
00_run3_0_iter-3,81,1,5.67626,1,3.02558,0.6,0.295905,0.664685,1,2.79367,1,2.63334,0.05,0.1,0.34756,0.1796,0.1796,1,12.6958,1,5.94857,1,5.67626,1,3.02558,0.6,0.664685,1,2.79367,1,2.63334,0.05,0.1,0.34756,0.1796,0.1796,1,12.6958,1,5.94857
00_run3_0_iter-3,82,1,3.57761,1,5.82039,0.6,0.278411,0.636994,1,8.18205,1,3.62987,0.05,0.1,0.135369,0.1796,0.1796,1,9.24457,1,14.4891,1,3.57761,1,5.82039,0.6,0.636994,1,8.18205,1,3.62987,0.05,0.1,0.135369,0.1796,0.1796,1,9.24457,1,14.4891
00_run3_0_iter-3,83,1,8.12927,1,2.00789,0.6,0.149136,0.415671,1,2.60724,1,3.92471,0.05,0.1,0.218314,0.1796,0.1796,1,12.5103,1,11.3876,1,8.12927,1,2.00789,0.6,0.415671,1,2.60724,1,3.92471,0.05,0.1,0.218314,0.1796,0.1796,1,12.5103,1,11.3876
00_run3_0_iter-3,84,1,0.132753,1,0.473481,0.6,0.121007,0.446572,1,9.84015,1,3.86243,0.05,0.1,0.150856,0.1796,0.1796,1,14.7754,1,9.4136,1,0.132753,1,0.473481,0.6,0.446572,1,9.84015,1,3.86243,0.05,0.1,0.150856,0.1796,0.1796,1,14.7754,1,9.4136
00_run3_0_iter-3,85,1,11.3744,1,5.00097,0.6,0.137512,0.543354,1,8.38512,1,1.97689,0.05,0.1,0.017951,0.1796,0.1796,1,11.1968,1,14.7266,1,11.3744,1,5.00097,0.6,0.543354,1,8.38512,1,1.97689,0.05,0.1,0.017951,0.1796,0.1796,1,11.1968,1,14.7266
00_run3_0_iter-3,87,1,2.29658,1,5.2369,0.6,0.147008,0.376432,1,8.51794,1,3.95608,0.05,0.1,0.149702,0.1796,0.1796,1,14.7801,1,12.0056,1,2.29658,1,5.2369,0.6,0.376432,1,8.51794,1,3.95608,0.05,0.1,0.149702,0.1796,0.1796,1,14.7801,1,12.0056
00_run3_0_iter-3,88,1,5.06967,1,4.26047,0.6,0.267855,0.786843,1,7.42791,1,1.93258,0.05,0.1,0.136088,0.1796,0.1796,1,13.7064,1,9.56919,1,5.06967,1,4.26047,0.6,0.786843,1,7.42791,1,1.93258,0.05,0.1,0.136088,0.1796,0.1796,1,13.7064,1,9.56919
00_run3_0_iter-3,89,1,5.11664,1,5.59716,0.6,0.341516,0.779635,1,9.32332,1,0.343357,0.05,0.1,0.0964753,0.1796,0.1796,1,13.2311,1,12.2321,1,5.11664,1,5.59716,0.6,0.779635,1,9.32332,1,0.343357,0.05,0.1,0.0964753,0.1796,0.1796,1,13.2311,1,12.2321
00_run3_0_iter-3,90,1,4.56269,1,0.543432,0.6,0.410177,0.824685,1,11.5807,1,2.20813,0.05,0.1,0.0918825,0.1796,0.1796,1,13.1081,1,9.99506,1,4.56269,1,0.543432,0.6,0.824685,1,11.5807,1,2.20813,0.05,0.1,0.0918825,0.1796,0.1796,1,13.1081,1,9.99506
00_run3_0_iter-3,91,1,6.81635,1,7.70812,0.6,0.32165,0.757515,1,10.7497,1,0.723099,0.05,0.1,0.0772692,0.1796,0.1796,1,12.0659,1,12.481,1,6.81635,1,7.70812,0.6,0.757515,1,10.7497,1,0.723099,0.05,0.1,0.0772692,0.1796,0.1796,1,12.0659,1,12.481
00_run3_0_iter-3,92,1,11.7177,1,12.4202,0.6,0.442777,0.881578,1,11.2572,1,2.28716,0.05,0.1,0.0722739,0.1796,0.1796,1,11.5111,1,14.9755,1,11.7177,1,12.4202,0.6,0.881578,1,11.2572,1,2.28716,0.05,0.1,0.0722739,0.1796,0.1796,1,11.5111,1,14.9755
00_run3_0_iter-3,93,1,13.2615,1,1.84029,0.6,0.404508,0.6864,1,5.5559,1,2.19661,0.05,0.1,0.234784,0.1796,0.1796,1,8.80551,1,13.3357,1,13.2615,1,1.84029,0.6,0.6864,1,5.5559,1,2.19661,0.05,0.1,0.234784,0.1796,0.1796,1,8.80551,1,13.3357
00_run3_0_iter-3,95,1,4.92025,1,4.81713,0.6,0.426312,0.987098,1,14.5115,1,1.82645,0.05,0.1,0.0324985,0.1796,0.1796,1,14.2298,1,14.9605,1,4.92025,1,4.81713,0.6,0.987098,1,14.5115,1,1.82645,0.05,0.1,0.0324985,0.1796,0.1796,1,14.2298,1,14.9605
00_run3_0_iter-3,96,1,0.265358,1,0.753255,0.6,0.20812,0.519552,1,9.09078,1,6.37807,0.05,0.1,0.17275,0.1796,0.1796,1,11.7494,1,13.2346,1,0.265358,1,0.753255,0.6,0.519552,1,9.09078,1,6.37807,0.05,0.1,0.17275,0.1796,0.1796,1,11.7494,1,13.2346
00_run3_0_iter-3,97,1,7.06943,1,6.90375,0.6,0.461345,0.929924,1,12.2083,1,0.398249,0.05,0.1,0.0194463,0.1796,0.1796,1,7.87691,1,9.47315,1,7.06943,1,6.90375,0.6,0.929924,1,12.2083,1,0.398249,0.05,0.1,0.0194463,0.1796,0.1796,1,7.87691,1,9.47315
00_run3_0_iter-3,98,1,0.389769,1,5.17787,0.6,0.135887,0.272827,1,8.2009,1,5.53261,0.05,0.1,0.165626,0.1796,0.1796,1,10.2821,1,13.1302,1,0.389769,1,5.17787,0.6,0.272827,1,8.2009,1,5.53261,0.05,0.1,0.165626,0.1796,0.1796,1,10.2821,1,13.1302
00_run3_0_iter-3,99,1,10.8594,1,4.39402,0.6,0.353184,0.989833,1,7.11866,1,1.26975,0.05,0.1,0.16361,0.1796,0.1796,1,13.9035,1,8.65701,1,10.8594,1,4.39402,0.6,0.989833,1,7.11866,1,1.26975,0.05,0.1,0.16361,0.1796,0.1796,1,13.9035,1,8.65701
